sdks/typescript/index.ts(7,1): error TS1287: A top-level 'export' modifier cannot be used on value declarations in a CommonJS module when 'verbatimModuleSyntax' is enabled.
src/benchmark/BenchmarkSuite.ts(1,10): error TS1295: ECMAScript imports and exports cannot be written in a CommonJS file under 'verbatimModuleSyntax'. Adjust the 'type' field in the nearest 'package.json' to make this file an ECMAScript module, or adjust your 'verbatimModuleSyntax', 'module', and 'moduleResolution' settings in TypeScript.
src/benchmark/BenchmarkSuite.ts(2,21): error TS2591: Cannot find name 'fs'. Do you need to install type definitions for node? Try `npm i --save-dev @types/node` and then add 'node' to the types field in your tsconfig.
src/benchmark/BenchmarkSuite.ts(3,23): error TS2591: Cannot find name 'path'. Do you need to install type definitions for node? Try `npm i --save-dev @types/node` and then add 'node' to the types field in your tsconfig.
src/benchmark/BenchmarkSuite.ts(5,1): error TS1287: A top-level 'export' modifier cannot be used on value declarations in a CommonJS module when 'verbatimModuleSyntax' is enabled.
src/benchmark/BenchmarkSuite.ts(17,63): error TS2339: Property 'workspacePath' does not exist on type 'WorkspaceManager'.
src/benchmark/BenchmarkSuite.ts(24,19): error TS2591: Cannot find name 'process'. Do you need to install type definitions for node? Try `npm i --save-dev @types/node` and then add 'node' to the types field in your tsconfig.
src/benchmark/BenchmarkSuite.ts(26,17): error TS2591: Cannot find name 'process'. Do you need to install type definitions for node? Try `npm i --save-dev @types/node` and then add 'node' to the types field in your tsconfig.
src/benchmark/BenchmarkSuite.ts(33,19): error TS2591: Cannot find name 'process'. Do you need to install type definitions for node? Try `npm i --save-dev @types/node` and then add 'node' to the types field in your tsconfig.
src/benchmark/BenchmarkSuite.ts(37,17): error TS2591: Cannot find name 'process'. Do you need to install type definitions for node? Try `npm i --save-dev @types/node` and then add 'node' to the types field in your tsconfig.
src/cli/CommandRouter.ts(1,10): error TS1295: ECMAScript imports and exports cannot be written in a CommonJS file under 'verbatimModuleSyntax'. Adjust the 'type' field in the nearest 'package.json' to make this file an ECMAScript module, or adjust your 'verbatimModuleSyntax', 'module', and 'moduleResolution' settings in TypeScript.
src/cli/CommandRouter.ts(9,1): error TS1287: A top-level 'export' modifier cannot be used on value declarations in a CommonJS module when 'verbatimModuleSyntax' is enabled.
src/cli/PluginCommand.ts(1,10): error TS1295: ECMAScript imports and exports cannot be written in a CommonJS file under 'verbatimModuleSyntax'. Adjust the 'type' field in the nearest 'package.json' to make this file an ECMAScript module, or adjust your 'verbatimModuleSyntax', 'module', and 'moduleResolution' settings in TypeScript.
src/cli/PluginCommand.ts(2,10): error TS1295: ECMAScript imports and exports cannot be written in a CommonJS file under 'verbatimModuleSyntax'. Adjust the 'type' field in the nearest 'package.json' to make this file an ECMAScript module, or adjust your 'verbatimModuleSyntax', 'module', and 'moduleResolution' settings in TypeScript.
src/cli/PluginCommand.ts(7,1): error TS1287: A top-level 'export' modifier cannot be used on value declarations in a CommonJS module when 'verbatimModuleSyntax' is enabled.
src/cli/PluginCommand.ts(37,25): error TS2345: Argument of type 'string | undefined' is not assignable to parameter of type 'string'.
  Type 'undefined' is not assignable to type 'string'.
src/cli/cli.ts(1,10): error TS1295: ECMAScript imports and exports cannot be written in a CommonJS file under 'verbatimModuleSyntax'. Adjust the 'type' field in the nearest 'package.json' to make this file an ECMAScript module, or adjust your 'verbatimModuleSyntax', 'module', and 'moduleResolution' settings in TypeScript.
src/cli/cli.ts(2,10): error TS1295: ECMAScript imports and exports cannot be written in a CommonJS file under 'verbatimModuleSyntax'. Adjust the 'type' field in the nearest 'package.json' to make this file an ECMAScript module, or adjust your 'verbatimModuleSyntax', 'module', and 'moduleResolution' settings in TypeScript.
src/cli/cli.ts(3,10): error TS1295: ECMAScript imports and exports cannot be written in a CommonJS file under 'verbatimModuleSyntax'. Adjust the 'type' field in the nearest 'package.json' to make this file an ECMAScript module, or adjust your 'verbatimModuleSyntax', 'module', and 'moduleResolution' settings in TypeScript.
src/cli/cli.ts(4,10): error TS1295: ECMAScript imports and exports cannot be written in a CommonJS file under 'verbatimModuleSyntax'. Adjust the 'type' field in the nearest 'package.json' to make this file an ECMAScript module, or adjust your 'verbatimModuleSyntax', 'module', and 'moduleResolution' settings in TypeScript.
src/cli/cli.ts(5,10): error TS1295: ECMAScript imports and exports cannot be written in a CommonJS file under 'verbatimModuleSyntax'. Adjust the 'type' field in the nearest 'package.json' to make this file an ECMAScript module, or adjust your 'verbatimModuleSyntax', 'module', and 'moduleResolution' settings in TypeScript.
src/cli/cli.ts(6,10): error TS1295: ECMAScript imports and exports cannot be written in a CommonJS file under 'verbatimModuleSyntax'. Adjust the 'type' field in the nearest 'package.json' to make this file an ECMAScript module, or adjust your 'verbatimModuleSyntax', 'module', and 'moduleResolution' settings in TypeScript.
src/cli/cli.ts(7,10): error TS1295: ECMAScript imports and exports cannot be written in a CommonJS file under 'verbatimModuleSyntax'. Adjust the 'type' field in the nearest 'package.json' to make this file an ECMAScript module, or adjust your 'verbatimModuleSyntax', 'module', and 'moduleResolution' settings in TypeScript.
src/cli/cli.ts(13,16): error TS2591: Cannot find name 'process'. Do you need to install type definitions for node? Try `npm i --save-dev @types/node` and then add 'node' to the types field in your tsconfig.
src/cli/cli.ts(14,25): error TS2591: Cannot find name 'process'. Do you need to install type definitions for node? Try `npm i --save-dev @types/node` and then add 'node' to the types field in your tsconfig.
src/cli/cli.ts(41,5): error TS2591: Cannot find name 'process'. Do you need to install type definitions for node? Try `npm i --save-dev @types/node` and then add 'node' to the types field in your tsconfig.
src/cli/cli.ts(47,5): error TS2591: Cannot find name 'require'. Do you need to install type definitions for node? Try `npm i --save-dev @types/node` and then add 'node' to the types field in your tsconfig.
src/cli/cli.ts(47,22): error TS2591: Cannot find name 'module'. Do you need to install type definitions for node? Try `npm i --save-dev @types/node` and then add 'node' to the types field in your tsconfig.
src/cli/commands/BenchmarkCommand.ts(1,10): error TS1295: ECMAScript imports and exports cannot be written in a CommonJS file under 'verbatimModuleSyntax'. Adjust the 'type' field in the nearest 'package.json' to make this file an ECMAScript module, or adjust your 'verbatimModuleSyntax', 'module', and 'moduleResolution' settings in TypeScript.
src/cli/commands/BenchmarkCommand.ts(1,10): error TS1484: 'Command' is a type and must be imported using a type-only import when 'verbatimModuleSyntax' is enabled.
src/cli/commands/BenchmarkCommand.ts(2,10): error TS1295: ECMAScript imports and exports cannot be written in a CommonJS file under 'verbatimModuleSyntax'. Adjust the 'type' field in the nearest 'package.json' to make this file an ECMAScript module, or adjust your 'verbatimModuleSyntax', 'module', and 'moduleResolution' settings in TypeScript.
src/cli/commands/BenchmarkCommand.ts(3,10): error TS1295: ECMAScript imports and exports cannot be written in a CommonJS file under 'verbatimModuleSyntax'. Adjust the 'type' field in the nearest 'package.json' to make this file an ECMAScript module, or adjust your 'verbatimModuleSyntax', 'module', and 'moduleResolution' settings in TypeScript.
src/cli/commands/BenchmarkCommand.ts(5,1): error TS1287: A top-level 'export' modifier cannot be used on value declarations in a CommonJS module when 'verbatimModuleSyntax' is enabled.
src/cli/commands/CompatibilityCommand.ts(1,10): error TS1295: ECMAScript imports and exports cannot be written in a CommonJS file under 'verbatimModuleSyntax'. Adjust the 'type' field in the nearest 'package.json' to make this file an ECMAScript module, or adjust your 'verbatimModuleSyntax', 'module', and 'moduleResolution' settings in TypeScript.
src/cli/commands/CompatibilityCommand.ts(1,10): error TS1484: 'Command' is a type and must be imported using a type-only import when 'verbatimModuleSyntax' is enabled.
src/cli/commands/CompatibilityCommand.ts(2,10): error TS1295: ECMAScript imports and exports cannot be written in a CommonJS file under 'verbatimModuleSyntax'. Adjust the 'type' field in the nearest 'package.json' to make this file an ECMAScript module, or adjust your 'verbatimModuleSyntax', 'module', and 'moduleResolution' settings in TypeScript.
src/cli/commands/CompatibilityCommand.ts(3,21): error TS2591: Cannot find name 'fs'. Do you need to install type definitions for node? Try `npm i --save-dev @types/node` and then add 'node' to the types field in your tsconfig.
src/cli/commands/CompatibilityCommand.ts(4,23): error TS2591: Cannot find name 'path'. Do you need to install type definitions for node? Try `npm i --save-dev @types/node` and then add 'node' to the types field in your tsconfig.
src/cli/commands/CompatibilityCommand.ts(6,1): error TS1287: A top-level 'export' modifier cannot be used on value declarations in a CommonJS module when 'verbatimModuleSyntax' is enabled.
src/cli/commands/CompatibilityCommand.ts(22,55): error TS2339: Property 'workspacePath' does not exist on type 'WorkspaceManager'.
src/cli/commands/DoctorCommand.ts(1,10): error TS1295: ECMAScript imports and exports cannot be written in a CommonJS file under 'verbatimModuleSyntax'. Adjust the 'type' field in the nearest 'package.json' to make this file an ECMAScript module, or adjust your 'verbatimModuleSyntax', 'module', and 'moduleResolution' settings in TypeScript.
src/cli/commands/DoctorCommand.ts(1,10): error TS1484: 'Command' is a type and must be imported using a type-only import when 'verbatimModuleSyntax' is enabled.
src/cli/commands/DoctorCommand.ts(2,10): error TS1295: ECMAScript imports and exports cannot be written in a CommonJS file under 'verbatimModuleSyntax'. Adjust the 'type' field in the nearest 'package.json' to make this file an ECMAScript module, or adjust your 'verbatimModuleSyntax', 'module', and 'moduleResolution' settings in TypeScript.
src/cli/commands/DoctorCommand.ts(3,10): error TS1295: ECMAScript imports and exports cannot be written in a CommonJS file under 'verbatimModuleSyntax'. Adjust the 'type' field in the nearest 'package.json' to make this file an ECMAScript module, or adjust your 'verbatimModuleSyntax', 'module', and 'moduleResolution' settings in TypeScript.
src/cli/commands/DoctorCommand.ts(5,1): error TS1287: A top-level 'export' modifier cannot be used on value declarations in a CommonJS module when 'verbatimModuleSyntax' is enabled.
src/cli/commands/InitCommand.ts(1,10): error TS1295: ECMAScript imports and exports cannot be written in a CommonJS file under 'verbatimModuleSyntax'. Adjust the 'type' field in the nearest 'package.json' to make this file an ECMAScript module, or adjust your 'verbatimModuleSyntax', 'module', and 'moduleResolution' settings in TypeScript.
src/cli/commands/InitCommand.ts(1,10): error TS1484: 'Command' is a type and must be imported using a type-only import when 'verbatimModuleSyntax' is enabled.
src/cli/commands/InitCommand.ts(2,10): error TS1295: ECMAScript imports and exports cannot be written in a CommonJS file under 'verbatimModuleSyntax'. Adjust the 'type' field in the nearest 'package.json' to make this file an ECMAScript module, or adjust your 'verbatimModuleSyntax', 'module', and 'moduleResolution' settings in TypeScript.
src/cli/commands/InitCommand.ts(3,21): error TS2591: Cannot find name 'fs'. Do you need to install type definitions for node? Try `npm i --save-dev @types/node` and then add 'node' to the types field in your tsconfig.
src/cli/commands/InitCommand.ts(4,23): error TS2591: Cannot find name 'path'. Do you need to install type definitions for node? Try `npm i --save-dev @types/node` and then add 'node' to the types field in your tsconfig.
src/cli/commands/InitCommand.ts(6,1): error TS1287: A top-level 'export' modifier cannot be used on value declarations in a CommonJS module when 'verbatimModuleSyntax' is enabled.
src/cli/commands/InitCommand.ts(11,51): error TS2339: Property 'workspacePath' does not exist on type 'WorkspaceManager'.
src/config/ConfigurationManager.ts(1,10): error TS1295: ECMAScript imports and exports cannot be written in a CommonJS file under 'verbatimModuleSyntax'. Adjust the 'type' field in the nearest 'package.json' to make this file an ECMAScript module, or adjust your 'verbatimModuleSyntax', 'module', and 'moduleResolution' settings in TypeScript.
src/config/ConfigurationManager.ts(2,10): error TS1295: ECMAScript imports and exports cannot be written in a CommonJS file under 'verbatimModuleSyntax'. Adjust the 'type' field in the nearest 'package.json' to make this file an ECMAScript module, or adjust your 'verbatimModuleSyntax', 'module', and 'moduleResolution' settings in TypeScript.
src/config/ConfigurationManager.ts(7,1): error TS1287: A top-level 'export' modifier cannot be used on value declarations in a CommonJS module when 'verbatimModuleSyntax' is enabled.
src/config/ConfigurationManager.ts(29,1): error TS1287: A top-level 'export' modifier cannot be used on value declarations in a CommonJS module when 'verbatimModuleSyntax' is enabled.
src/connectivity/ConnectivityLayer.ts(1,10): error TS1295: ECMAScript imports and exports cannot be written in a CommonJS file under 'verbatimModuleSyntax'. Adjust the 'type' field in the nearest 'package.json' to make this file an ECMAScript module, or adjust your 'verbatimModuleSyntax', 'module', and 'moduleResolution' settings in TypeScript.
src/connectivity/ConnectivityLayer.ts(2,10): error TS1295: ECMAScript imports and exports cannot be written in a CommonJS file under 'verbatimModuleSyntax'. Adjust the 'type' field in the nearest 'package.json' to make this file an ECMAScript module, or adjust your 'verbatimModuleSyntax', 'module', and 'moduleResolution' settings in TypeScript.
src/connectivity/ConnectivityLayer.ts(3,10): error TS1295: ECMAScript imports and exports cannot be written in a CommonJS file under 'verbatimModuleSyntax'. Adjust the 'type' field in the nearest 'package.json' to make this file an ECMAScript module, or adjust your 'verbatimModuleSyntax', 'module', and 'moduleResolution' settings in TypeScript.
src/connectivity/ConnectivityLayer.ts(4,10): error TS1295: ECMAScript imports and exports cannot be written in a CommonJS file under 'verbatimModuleSyntax'. Adjust the 'type' field in the nearest 'package.json' to make this file an ECMAScript module, or adjust your 'verbatimModuleSyntax', 'module', and 'moduleResolution' settings in TypeScript.
src/connectivity/ConnectivityLayer.ts(5,10): error TS1295: ECMAScript imports and exports cannot be written in a CommonJS file under 'verbatimModuleSyntax'. Adjust the 'type' field in the nearest 'package.json' to make this file an ECMAScript module, or adjust your 'verbatimModuleSyntax', 'module', and 'moduleResolution' settings in TypeScript.
src/connectivity/ConnectivityLayer.ts(6,10): error TS1295: ECMAScript imports and exports cannot be written in a CommonJS file under 'verbatimModuleSyntax'. Adjust the 'type' field in the nearest 'package.json' to make this file an ECMAScript module, or adjust your 'verbatimModuleSyntax', 'module', and 'moduleResolution' settings in TypeScript.
src/connectivity/ConnectivityLayer.ts(7,10): error TS1295: ECMAScript imports and exports cannot be written in a CommonJS file under 'verbatimModuleSyntax'. Adjust the 'type' field in the nearest 'package.json' to make this file an ECMAScript module, or adjust your 'verbatimModuleSyntax', 'module', and 'moduleResolution' settings in TypeScript.
src/connectivity/ConnectivityLayer.ts(8,10): error TS1295: ECMAScript imports and exports cannot be written in a CommonJS file under 'verbatimModuleSyntax'. Adjust the 'type' field in the nearest 'package.json' to make this file an ECMAScript module, or adjust your 'verbatimModuleSyntax', 'module', and 'moduleResolution' settings in TypeScript.
src/connectivity/ConnectivityLayer.ts(9,10): error TS1295: ECMAScript imports and exports cannot be written in a CommonJS file under 'verbatimModuleSyntax'. Adjust the 'type' field in the nearest 'package.json' to make this file an ECMAScript module, or adjust your 'verbatimModuleSyntax', 'module', and 'moduleResolution' settings in TypeScript.
src/connectivity/ConnectivityLayer.ts(9,10): error TS1484: 'TransportAdapter' is a type and must be imported using a type-only import when 'verbatimModuleSyntax' is enabled.
src/connectivity/ConnectivityLayer.ts(9,28): error TS1295: ECMAScript imports and exports cannot be written in a CommonJS file under 'verbatimModuleSyntax'. Adjust the 'type' field in the nearest 'package.json' to make this file an ECMAScript module, or adjust your 'verbatimModuleSyntax', 'module', and 'moduleResolution' settings in TypeScript.
src/connectivity/ConnectivityLayer.ts(9,28): error TS1484: 'AIRequest' is a type and must be imported using a type-only import when 'verbatimModuleSyntax' is enabled.
src/connectivity/ConnectivityLayer.ts(9,39): error TS1295: ECMAScript imports and exports cannot be written in a CommonJS file under 'verbatimModuleSyntax'. Adjust the 'type' field in the nearest 'package.json' to make this file an ECMAScript module, or adjust your 'verbatimModuleSyntax', 'module', and 'moduleResolution' settings in TypeScript.
src/connectivity/ConnectivityLayer.ts(9,39): error TS1484: 'AIResponse' is a type and must be imported using a type-only import when 'verbatimModuleSyntax' is enabled.
src/connectivity/ConnectivityLayer.ts(15,1): error TS1287: A top-level 'export' modifier cannot be used on value declarations in a CommonJS module when 'verbatimModuleSyntax' is enabled.
src/connectivity/auth/AuthManager.ts(1,10): error TS1295: ECMAScript imports and exports cannot be written in a CommonJS file under 'verbatimModuleSyntax'. Adjust the 'type' field in the nearest 'package.json' to make this file an ECMAScript module, or adjust your 'verbatimModuleSyntax', 'module', and 'moduleResolution' settings in TypeScript.
src/connectivity/auth/AuthManager.ts(12,1): error TS1287: A top-level 'export' modifier cannot be used on value declarations in a CommonJS module when 'verbatimModuleSyntax' is enabled.
src/connectivity/discovery/CapabilityDiscovery.ts(1,10): error TS1295: ECMAScript imports and exports cannot be written in a CommonJS file under 'verbatimModuleSyntax'. Adjust the 'type' field in the nearest 'package.json' to make this file an ECMAScript module, or adjust your 'verbatimModuleSyntax', 'module', and 'moduleResolution' settings in TypeScript.
src/connectivity/discovery/CapabilityDiscovery.ts(1,10): error TS1484: 'CapabilityProvider' is a type and must be imported using a type-only import when 'verbatimModuleSyntax' is enabled.
src/connectivity/discovery/CapabilityDiscovery.ts(6,1): error TS1287: A top-level 'export' modifier cannot be used on value declarations in a CommonJS module when 'verbatimModuleSyntax' is enabled.
src/connectivity/errors/ConnectivityErrors.ts(1,10): error TS1295: ECMAScript imports and exports cannot be written in a CommonJS file under 'verbatimModuleSyntax'. Adjust the 'type' field in the nearest 'package.json' to make this file an ECMAScript module, or adjust your 'verbatimModuleSyntax', 'module', and 'moduleResolution' settings in TypeScript.
src/connectivity/errors/ConnectivityErrors.ts(3,1): error TS1287: A top-level 'export' modifier cannot be used on value declarations in a CommonJS module when 'verbatimModuleSyntax' is enabled.
src/connectivity/errors/ConnectivityErrors.ts(9,1): error TS1287: A top-level 'export' modifier cannot be used on value declarations in a CommonJS module when 'verbatimModuleSyntax' is enabled.
src/connectivity/errors/ConnectivityErrors.ts(15,1): error TS1287: A top-level 'export' modifier cannot be used on value declarations in a CommonJS module when 'verbatimModuleSyntax' is enabled.
src/connectivity/errors/ConnectivityErrors.ts(21,1): error TS1287: A top-level 'export' modifier cannot be used on value declarations in a CommonJS module when 'verbatimModuleSyntax' is enabled.
src/connectivity/errors/ConnectivityErrors.ts(27,1): error TS1287: A top-level 'export' modifier cannot be used on value declarations in a CommonJS module when 'verbatimModuleSyntax' is enabled.
src/connectivity/errors/ConnectivityErrors.ts(33,1): error TS1287: A top-level 'export' modifier cannot be used on value declarations in a CommonJS module when 'verbatimModuleSyntax' is enabled.
src/connectivity/errors/ConnectivityErrors.ts(39,1): error TS1287: A top-level 'export' modifier cannot be used on value declarations in a CommonJS module when 'verbatimModuleSyntax' is enabled.
src/connectivity/providers/ProviderAdapters.ts(1,10): error TS1295: ECMAScript imports and exports cannot be written in a CommonJS file under 'verbatimModuleSyntax'. Adjust the 'type' field in the nearest 'package.json' to make this file an ECMAScript module, or adjust your 'verbatimModuleSyntax', 'module', and 'moduleResolution' settings in TypeScript.
src/connectivity/providers/ProviderAdapters.ts(1,10): error TS1484: 'ProviderAdapter' is a type and must be imported using a type-only import when 'verbatimModuleSyntax' is enabled.
src/connectivity/providers/ProviderAdapters.ts(1,27): error TS1295: ECMAScript imports and exports cannot be written in a CommonJS file under 'verbatimModuleSyntax'. Adjust the 'type' field in the nearest 'package.json' to make this file an ECMAScript module, or adjust your 'verbatimModuleSyntax', 'module', and 'moduleResolution' settings in TypeScript.
src/connectivity/providers/ProviderAdapters.ts(1,27): error TS1484: 'AIRequest' is a type and must be imported using a type-only import when 'verbatimModuleSyntax' is enabled.
src/connectivity/providers/ProviderAdapters.ts(1,38): error TS1295: ECMAScript imports and exports cannot be written in a CommonJS file under 'verbatimModuleSyntax'. Adjust the 'type' field in the nearest 'package.json' to make this file an ECMAScript module, or adjust your 'verbatimModuleSyntax', 'module', and 'moduleResolution' settings in TypeScript.
src/connectivity/providers/ProviderAdapters.ts(1,38): error TS1484: 'AIResponse' is a type and must be imported using a type-only import when 'verbatimModuleSyntax' is enabled.
src/connectivity/providers/ProviderAdapters.ts(6,1): error TS1287: A top-level 'export' modifier cannot be used on value declarations in a CommonJS module when 'verbatimModuleSyntax' is enabled.
src/connectivity/providers/ProviderAdapters.ts(29,1): error TS1287: A top-level 'export' modifier cannot be used on value declarations in a CommonJS module when 'verbatimModuleSyntax' is enabled.
src/connectivity/rate_limit/RateLimiter.ts(1,10): error TS1295: ECMAScript imports and exports cannot be written in a CommonJS file under 'verbatimModuleSyntax'. Adjust the 'type' field in the nearest 'package.json' to make this file an ECMAScript module, or adjust your 'verbatimModuleSyntax', 'module', and 'moduleResolution' settings in TypeScript.
src/connectivity/rate_limit/RateLimiter.ts(11,1): error TS1287: A top-level 'export' modifier cannot be used on value declarations in a CommonJS module when 'verbatimModuleSyntax' is enabled.
src/connectivity/router/RequestRouter.ts(1,10): error TS1295: ECMAScript imports and exports cannot be written in a CommonJS file under 'verbatimModuleSyntax'. Adjust the 'type' field in the nearest 'package.json' to make this file an ECMAScript module, or adjust your 'verbatimModuleSyntax', 'module', and 'moduleResolution' settings in TypeScript.
src/connectivity/router/RequestRouter.ts(1,10): error TS1484: 'AIRequest' is a type and must be imported using a type-only import when 'verbatimModuleSyntax' is enabled.
src/connectivity/router/RequestRouter.ts(1,21): error TS1295: ECMAScript imports and exports cannot be written in a CommonJS file under 'verbatimModuleSyntax'. Adjust the 'type' field in the nearest 'package.json' to make this file an ECMAScript module, or adjust your 'verbatimModuleSyntax', 'module', and 'moduleResolution' settings in TypeScript.
src/connectivity/router/RequestRouter.ts(1,21): error TS1484: 'AIResponse' is a type and must be imported using a type-only import when 'verbatimModuleSyntax' is enabled.
src/connectivity/router/RequestRouter.ts(2,10): error TS1295: ECMAScript imports and exports cannot be written in a CommonJS file under 'verbatimModuleSyntax'. Adjust the 'type' field in the nearest 'package.json' to make this file an ECMAScript module, or adjust your 'verbatimModuleSyntax', 'module', and 'moduleResolution' settings in TypeScript.
src/connectivity/router/RequestRouter.ts(3,10): error TS1295: ECMAScript imports and exports cannot be written in a CommonJS file under 'verbatimModuleSyntax'. Adjust the 'type' field in the nearest 'package.json' to make this file an ECMAScript module, or adjust your 'verbatimModuleSyntax', 'module', and 'moduleResolution' settings in TypeScript.
src/connectivity/router/RequestRouter.ts(8,1): error TS1287: A top-level 'export' modifier cannot be used on value declarations in a CommonJS module when 'verbatimModuleSyntax' is enabled.
src/connectivity/session/SessionManager.ts(1,10): error TS1295: ECMAScript imports and exports cannot be written in a CommonJS file under 'verbatimModuleSyntax'. Adjust the 'type' field in the nearest 'package.json' to make this file an ECMAScript module, or adjust your 'verbatimModuleSyntax', 'module', and 'moduleResolution' settings in TypeScript.
src/connectivity/session/SessionManager.ts(1,10): error TS1484: 'SessionDetails' is a type and must be imported using a type-only import when 'verbatimModuleSyntax' is enabled.
src/connectivity/session/SessionManager.ts(1,26): error TS1295: ECMAScript imports and exports cannot be written in a CommonJS file under 'verbatimModuleSyntax'. Adjust the 'type' field in the nearest 'package.json' to make this file an ECMAScript module, or adjust your 'verbatimModuleSyntax', 'module', and 'moduleResolution' settings in TypeScript.
src/connectivity/session/SessionManager.ts(1,26): error TS1484: 'SessionState' is a type and must be imported using a type-only import when 'verbatimModuleSyntax' is enabled.
src/connectivity/session/SessionManager.ts(2,10): error TS1295: ECMAScript imports and exports cannot be written in a CommonJS file under 'verbatimModuleSyntax'. Adjust the 'type' field in the nearest 'package.json' to make this file an ECMAScript module, or adjust your 'verbatimModuleSyntax', 'module', and 'moduleResolution' settings in TypeScript.
src/connectivity/session/SessionManager.ts(7,1): error TS1287: A top-level 'export' modifier cannot be used on value declarations in a CommonJS module when 'verbatimModuleSyntax' is enabled.
src/connectivity/streaming/StreamingEngine.ts(1,10): error TS1295: ECMAScript imports and exports cannot be written in a CommonJS file under 'verbatimModuleSyntax'. Adjust the 'type' field in the nearest 'package.json' to make this file an ECMAScript module, or adjust your 'verbatimModuleSyntax', 'module', and 'moduleResolution' settings in TypeScript.
src/connectivity/streaming/StreamingEngine.ts(14,1): error TS1287: A top-level 'export' modifier cannot be used on value declarations in a CommonJS module when 'verbatimModuleSyntax' is enabled.
src/connectivity/telemetry/TelemetryTracker.ts(4,1): error TS1287: A top-level 'export' modifier cannot be used on value declarations in a CommonJS module when 'verbatimModuleSyntax' is enabled.
src/connectivity/transport/TransportAdapters.ts(1,10): error TS1295: ECMAScript imports and exports cannot be written in a CommonJS file under 'verbatimModuleSyntax'. Adjust the 'type' field in the nearest 'package.json' to make this file an ECMAScript module, or adjust your 'verbatimModuleSyntax', 'module', and 'moduleResolution' settings in TypeScript.
src/connectivity/transport/TransportAdapters.ts(1,10): error TS1484: 'TransportAdapter' is a type and must be imported using a type-only import when 'verbatimModuleSyntax' is enabled.
src/connectivity/transport/TransportAdapters.ts(1,28): error TS1295: ECMAScript imports and exports cannot be written in a CommonJS file under 'verbatimModuleSyntax'. Adjust the 'type' field in the nearest 'package.json' to make this file an ECMAScript module, or adjust your 'verbatimModuleSyntax', 'module', and 'moduleResolution' settings in TypeScript.
src/connectivity/transport/TransportAdapters.ts(1,28): error TS1484: 'AIRequest' is a type and must be imported using a type-only import when 'verbatimModuleSyntax' is enabled.
src/connectivity/transport/TransportAdapters.ts(1,39): error TS1295: ECMAScript imports and exports cannot be written in a CommonJS file under 'verbatimModuleSyntax'. Adjust the 'type' field in the nearest 'package.json' to make this file an ECMAScript module, or adjust your 'verbatimModuleSyntax', 'module', and 'moduleResolution' settings in TypeScript.
src/connectivity/transport/TransportAdapters.ts(1,39): error TS1484: 'AIResponse' is a type and must be imported using a type-only import when 'verbatimModuleSyntax' is enabled.
src/connectivity/transport/TransportAdapters.ts(3,1): error TS1287: A top-level 'export' modifier cannot be used on value declarations in a CommonJS module when 'verbatimModuleSyntax' is enabled.
src/connectivity/transport/TransportAdapters.ts(14,1): error TS1287: A top-level 'export' modifier cannot be used on value declarations in a CommonJS module when 'verbatimModuleSyntax' is enabled.
src/connectivity/transport/TransportAdapters.ts(32,1): error TS1287: A top-level 'export' modifier cannot be used on value declarations in a CommonJS module when 'verbatimModuleSyntax' is enabled.
src/connectivity/transport/TransportAdapters.ts(42,1): error TS1287: A top-level 'export' modifier cannot be used on value declarations in a CommonJS module when 'verbatimModuleSyntax' is enabled.
src/context/ContextEngineService.ts(1,10): error TS1295: ECMAScript imports and exports cannot be written in a CommonJS file under 'verbatimModuleSyntax'. Adjust the 'type' field in the nearest 'package.json' to make this file an ECMAScript module, or adjust your 'verbatimModuleSyntax', 'module', and 'moduleResolution' settings in TypeScript.
src/context/ContextEngineService.ts(1,10): error TS1484: 'Service' is a type and must be imported using a type-only import when 'verbatimModuleSyntax' is enabled.
src/context/ContextEngineService.ts(2,10): error TS1295: ECMAScript imports and exports cannot be written in a CommonJS file under 'verbatimModuleSyntax'. Adjust the 'type' field in the nearest 'package.json' to make this file an ECMAScript module, or adjust your 'verbatimModuleSyntax', 'module', and 'moduleResolution' settings in TypeScript.
src/context/ContextEngineService.ts(2,10): error TS1484: 'KnowledgeGraph' is a type and must be imported using a type-only import when 'verbatimModuleSyntax' is enabled.
src/context/ContextEngineService.ts(3,10): error TS1295: ECMAScript imports and exports cannot be written in a CommonJS file under 'verbatimModuleSyntax'. Adjust the 'type' field in the nearest 'package.json' to make this file an ECMAScript module, or adjust your 'verbatimModuleSyntax', 'module', and 'moduleResolution' settings in TypeScript.
src/context/ContextEngineService.ts(3,10): error TS1484: 'ContextPackage' is a type and must be imported using a type-only import when 'verbatimModuleSyntax' is enabled.
src/context/ContextEngineService.ts(4,10): error TS1295: ECMAScript imports and exports cannot be written in a CommonJS file under 'verbatimModuleSyntax'. Adjust the 'type' field in the nearest 'package.json' to make this file an ECMAScript module, or adjust your 'verbatimModuleSyntax', 'module', and 'moduleResolution' settings in TypeScript.
src/context/ContextEngineService.ts(4,30): error TS1295: ECMAScript imports and exports cannot be written in a CommonJS file under 'verbatimModuleSyntax'. Adjust the 'type' field in the nearest 'package.json' to make this file an ECMAScript module, or adjust your 'verbatimModuleSyntax', 'module', and 'moduleResolution' settings in TypeScript.
src/context/ContextEngineService.ts(5,10): error TS1295: ECMAScript imports and exports cannot be written in a CommonJS file under 'verbatimModuleSyntax'. Adjust the 'type' field in the nearest 'package.json' to make this file an ECMAScript module, or adjust your 'verbatimModuleSyntax', 'module', and 'moduleResolution' settings in TypeScript.
src/context/ContextEngineService.ts(5,24): error TS1295: ECMAScript imports and exports cannot be written in a CommonJS file under 'verbatimModuleSyntax'. Adjust the 'type' field in the nearest 'package.json' to make this file an ECMAScript module, or adjust your 'verbatimModuleSyntax', 'module', and 'moduleResolution' settings in TypeScript.
src/context/ContextEngineService.ts(5,40): error TS1295: ECMAScript imports and exports cannot be written in a CommonJS file under 'verbatimModuleSyntax'. Adjust the 'type' field in the nearest 'package.json' to make this file an ECMAScript module, or adjust your 'verbatimModuleSyntax', 'module', and 'moduleResolution' settings in TypeScript.
src/context/ContextEngineService.ts(5,57): error TS1295: ECMAScript imports and exports cannot be written in a CommonJS file under 'verbatimModuleSyntax'. Adjust the 'type' field in the nearest 'package.json' to make this file an ECMAScript module, or adjust your 'verbatimModuleSyntax', 'module', and 'moduleResolution' settings in TypeScript.
src/context/ContextEngineService.ts(6,10): error TS1295: ECMAScript imports and exports cannot be written in a CommonJS file under 'verbatimModuleSyntax'. Adjust the 'type' field in the nearest 'package.json' to make this file an ECMAScript module, or adjust your 'verbatimModuleSyntax', 'module', and 'moduleResolution' settings in TypeScript.
src/context/ContextEngineService.ts(6,26): error TS1295: ECMAScript imports and exports cannot be written in a CommonJS file under 'verbatimModuleSyntax'. Adjust the 'type' field in the nearest 'package.json' to make this file an ECMAScript module, or adjust your 'verbatimModuleSyntax', 'module', and 'moduleResolution' settings in TypeScript.
src/context/ContextEngineService.ts(6,48): error TS1295: ECMAScript imports and exports cannot be written in a CommonJS file under 'verbatimModuleSyntax'. Adjust the 'type' field in the nearest 'package.json' to make this file an ECMAScript module, or adjust your 'verbatimModuleSyntax', 'module', and 'moduleResolution' settings in TypeScript.
src/context/ContextEngineService.ts(7,10): error TS1295: ECMAScript imports and exports cannot be written in a CommonJS file under 'verbatimModuleSyntax'. Adjust the 'type' field in the nearest 'package.json' to make this file an ECMAScript module, or adjust your 'verbatimModuleSyntax', 'module', and 'moduleResolution' settings in TypeScript.
src/context/ContextEngineService.ts(7,10): error TS1484: 'AgentAdapter' is a type and must be imported using a type-only import when 'verbatimModuleSyntax' is enabled.
src/context/ContextEngineService.ts(7,24): error TS1295: ECMAScript imports and exports cannot be written in a CommonJS file under 'verbatimModuleSyntax'. Adjust the 'type' field in the nearest 'package.json' to make this file an ECMAScript module, or adjust your 'verbatimModuleSyntax', 'module', and 'moduleResolution' settings in TypeScript.
src/context/ContextEngineService.ts(8,10): error TS1295: ECMAScript imports and exports cannot be written in a CommonJS file under 'verbatimModuleSyntax'. Adjust the 'type' field in the nearest 'package.json' to make this file an ECMAScript module, or adjust your 'verbatimModuleSyntax', 'module', and 'moduleResolution' settings in TypeScript.
src/context/ContextEngineService.ts(13,1): error TS1287: A top-level 'export' modifier cannot be used on value declarations in a CommonJS module when 'verbatimModuleSyntax' is enabled.
src/context/adapters/AgentAdapters.ts(1,10): error TS1295: ECMAScript imports and exports cannot be written in a CommonJS file under 'verbatimModuleSyntax'. Adjust the 'type' field in the nearest 'package.json' to make this file an ECMAScript module, or adjust your 'verbatimModuleSyntax', 'module', and 'moduleResolution' settings in TypeScript.
src/context/adapters/AgentAdapters.ts(1,10): error TS1484: 'ContextPackage' is a type and must be imported using a type-only import when 'verbatimModuleSyntax' is enabled.
src/context/adapters/AgentAdapters.ts(10,1): error TS1287: A top-level 'export' modifier cannot be used on value declarations in a CommonJS module when 'verbatimModuleSyntax' is enabled.
src/context/adapters/AgentAdapters.ts(28,1): error TS1287: A top-level 'export' modifier cannot be used on value declarations in a CommonJS module when 'verbatimModuleSyntax' is enabled.
src/context/models/ContextModels.ts(1,1): error TS1287: A top-level 'export' modifier cannot be used on value declarations in a CommonJS module when 'verbatimModuleSyntax' is enabled.
src/context/optimization/OptimizationEngines.ts(1,10): error TS1295: ECMAScript imports and exports cannot be written in a CommonJS file under 'verbatimModuleSyntax'. Adjust the 'type' field in the nearest 'package.json' to make this file an ECMAScript module, or adjust your 'verbatimModuleSyntax', 'module', and 'moduleResolution' settings in TypeScript.
src/context/optimization/OptimizationEngines.ts(1,10): error TS1484: 'ContextPackage' is a type and must be imported using a type-only import when 'verbatimModuleSyntax' is enabled.
src/context/optimization/OptimizationEngines.ts(2,10): error TS1295: ECMAScript imports and exports cannot be written in a CommonJS file under 'verbatimModuleSyntax'. Adjust the 'type' field in the nearest 'package.json' to make this file an ECMAScript module, or adjust your 'verbatimModuleSyntax', 'module', and 'moduleResolution' settings in TypeScript.
src/context/optimization/OptimizationEngines.ts(4,1): error TS1287: A top-level 'export' modifier cannot be used on value declarations in a CommonJS module when 'verbatimModuleSyntax' is enabled.
src/context/optimization/OptimizationEngines.ts(31,1): error TS1287: A top-level 'export' modifier cannot be used on value declarations in a CommonJS module when 'verbatimModuleSyntax' is enabled.
src/context/optimization/OptimizationEngines.ts(51,1): error TS1287: A top-level 'export' modifier cannot be used on value declarations in a CommonJS module when 'verbatimModuleSyntax' is enabled.
src/context/planning/PlanningEngines.ts(1,10): error TS1295: ECMAScript imports and exports cannot be written in a CommonJS file under 'verbatimModuleSyntax'. Adjust the 'type' field in the nearest 'package.json' to make this file an ECMAScript module, or adjust your 'verbatimModuleSyntax', 'module', and 'moduleResolution' settings in TypeScript.
src/context/planning/PlanningEngines.ts(2,10): error TS1295: ECMAScript imports and exports cannot be written in a CommonJS file under 'verbatimModuleSyntax'. Adjust the 'type' field in the nearest 'package.json' to make this file an ECMAScript module, or adjust your 'verbatimModuleSyntax', 'module', and 'moduleResolution' settings in TypeScript.
src/context/planning/PlanningEngines.ts(2,10): error TS1484: 'Fact' is a type and must be imported using a type-only import when 'verbatimModuleSyntax' is enabled.
src/context/planning/PlanningEngines.ts(3,10): error TS1295: ECMAScript imports and exports cannot be written in a CommonJS file under 'verbatimModuleSyntax'. Adjust the 'type' field in the nearest 'package.json' to make this file an ECMAScript module, or adjust your 'verbatimModuleSyntax', 'module', and 'moduleResolution' settings in TypeScript.
src/context/planning/PlanningEngines.ts(3,10): error TS1484: 'SelectedFile' is a type and must be imported using a type-only import when 'verbatimModuleSyntax' is enabled.
src/context/planning/PlanningEngines.ts(5,1): error TS1287: A top-level 'export' modifier cannot be used on value declarations in a CommonJS module when 'verbatimModuleSyntax' is enabled.
src/context/planning/PlanningEngines.ts(15,1): error TS1287: A top-level 'export' modifier cannot be used on value declarations in a CommonJS module when 'verbatimModuleSyntax' is enabled.
src/context/planning/PlanningEngines.ts(22,1): error TS1287: A top-level 'export' modifier cannot be used on value declarations in a CommonJS module when 'verbatimModuleSyntax' is enabled.
src/context/planning/PlanningEngines.ts(39,1): error TS1287: A top-level 'export' modifier cannot be used on value declarations in a CommonJS module when 'verbatimModuleSyntax' is enabled.
src/context/retrieval/RetrievalEngines.ts(1,10): error TS1295: ECMAScript imports and exports cannot be written in a CommonJS file under 'verbatimModuleSyntax'. Adjust the 'type' field in the nearest 'package.json' to make this file an ECMAScript module, or adjust your 'verbatimModuleSyntax', 'module', and 'moduleResolution' settings in TypeScript.
src/context/retrieval/RetrievalEngines.ts(1,10): error TS1484: 'KnowledgeGraph' is a type and must be imported using a type-only import when 'verbatimModuleSyntax' is enabled.
src/context/retrieval/RetrievalEngines.ts(2,10): error TS1295: ECMAScript imports and exports cannot be written in a CommonJS file under 'verbatimModuleSyntax'. Adjust the 'type' field in the nearest 'package.json' to make this file an ECMAScript module, or adjust your 'verbatimModuleSyntax', 'module', and 'moduleResolution' settings in TypeScript.
src/context/retrieval/RetrievalEngines.ts(2,10): error TS1484: 'Fact' is a type and must be imported using a type-only import when 'verbatimModuleSyntax' is enabled.
src/context/retrieval/RetrievalEngines.ts(4,1): error TS1287: A top-level 'export' modifier cannot be used on value declarations in a CommonJS module when 'verbatimModuleSyntax' is enabled.
src/context/retrieval/RetrievalEngines.ts(29,1): error TS1287: A top-level 'export' modifier cannot be used on value declarations in a CommonJS module when 'verbatimModuleSyntax' is enabled.
src/diagnostics/DoctorEngine.ts(1,10): error TS1295: ECMAScript imports and exports cannot be written in a CommonJS file under 'verbatimModuleSyntax'. Adjust the 'type' field in the nearest 'package.json' to make this file an ECMAScript module, or adjust your 'verbatimModuleSyntax', 'module', and 'moduleResolution' settings in TypeScript.
src/diagnostics/DoctorEngine.ts(10,1): error TS1287: A top-level 'export' modifier cannot be used on value declarations in a CommonJS module when 'verbatimModuleSyntax' is enabled.
src/diagnostics/DoctorEngine.ts(17,59): error TS2339: Property 'workspacePath' does not exist on type 'WorkspaceManager'.
src/diagnostics/DoctorEngine.ts(56,25): error TS2591: Cannot find name 'process'. Do you need to install type definitions for node? Try `npm i --save-dev @types/node` and then add 'node' to the types field in your tsconfig.
src/errors/index.ts(4,1): error TS1287: A top-level 'export' modifier cannot be used on value declarations in a CommonJS module when 'verbatimModuleSyntax' is enabled.
src/errors/index.ts(12,5): error TS2412: Type 'string | undefined' is not assignable to type 'string' with 'exactOptionalPropertyTypes: true'. Consider adding 'undefined' to the type of the target.
  Type 'undefined' is not assignable to type 'string'.
src/errors/index.ts(13,11): error TS2339: Property 'captureStackTrace' does not exist on type 'ErrorConstructor'.
src/errors/index.ts(20,1): error TS1287: A top-level 'export' modifier cannot be used on value declarations in a CommonJS module when 'verbatimModuleSyntax' is enabled.
src/errors/index.ts(29,1): error TS1287: A top-level 'export' modifier cannot be used on value declarations in a CommonJS module when 'verbatimModuleSyntax' is enabled.
src/errors/index.ts(38,1): error TS1287: A top-level 'export' modifier cannot be used on value declarations in a CommonJS module when 'verbatimModuleSyntax' is enabled.
src/errors/index.ts(47,1): error TS1287: A top-level 'export' modifier cannot be used on value declarations in a CommonJS module when 'verbatimModuleSyntax' is enabled.
src/errors/index.ts(56,1): error TS1287: A top-level 'export' modifier cannot be used on value declarations in a CommonJS module when 'verbatimModuleSyntax' is enabled.
src/events/EventDispatcher.ts(1,10): error TS1295: ECMAScript imports and exports cannot be written in a CommonJS file under 'verbatimModuleSyntax'. Adjust the 'type' field in the nearest 'package.json' to make this file an ECMAScript module, or adjust your 'verbatimModuleSyntax', 'module', and 'moduleResolution' settings in TypeScript.
src/events/EventDispatcher.ts(1,10): error TS1484: 'Event' is a type and must be imported using a type-only import when 'verbatimModuleSyntax' is enabled.
src/events/EventDispatcher.ts(1,17): error TS1295: ECMAScript imports and exports cannot be written in a CommonJS file under 'verbatimModuleSyntax'. Adjust the 'type' field in the nearest 'package.json' to make this file an ECMAScript module, or adjust your 'verbatimModuleSyntax', 'module', and 'moduleResolution' settings in TypeScript.
src/events/EventDispatcher.ts(1,17): error TS1484: 'EventListener' is a type and must be imported using a type-only import when 'verbatimModuleSyntax' is enabled.
src/events/EventDispatcher.ts(6,1): error TS1287: A top-level 'export' modifier cannot be used on value declarations in a CommonJS module when 'verbatimModuleSyntax' is enabled.
src/extraction/ASTEngine.ts(1,8): error TS1295: ECMAScript imports and exports cannot be written in a CommonJS file under 'verbatimModuleSyntax'. Adjust the 'type' field in the nearest 'package.json' to make this file an ECMAScript module, or adjust your 'verbatimModuleSyntax', 'module', and 'moduleResolution' settings in TypeScript.
src/extraction/ASTEngine.ts(2,10): error TS1295: ECMAScript imports and exports cannot be written in a CommonJS file under 'verbatimModuleSyntax'. Adjust the 'type' field in the nearest 'package.json' to make this file an ECMAScript module, or adjust your 'verbatimModuleSyntax', 'module', and 'moduleResolution' settings in TypeScript.
src/extraction/ASTEngine.ts(7,1): error TS1287: A top-level 'export' modifier cannot be used on value declarations in a CommonJS module when 'verbatimModuleSyntax' is enabled.
src/extraction/ASTEngine.ts(16,20): error TS2339: Property 'init' does not exist on type 'typeof import("web-tree-sitter")'.
src/extraction/ASTEngine.ts(40,51): error TS2709: Cannot use namespace 'Parser' as a type.
src/extraction/ASTEngine.ts(41,24): error TS2351: This expression is not constructable.
  Type 'typeof import("web-tree-sitter")' has no construct signatures.
src/extraction/DiffEngine.ts(1,26): error TS2591: Cannot find name 'child_process'. Do you need to install type definitions for node? Try `npm i --save-dev @types/node` and then add 'node' to the types field in your tsconfig.
src/extraction/DiffEngine.ts(2,10): error TS1295: ECMAScript imports and exports cannot be written in a CommonJS file under 'verbatimModuleSyntax'. Adjust the 'type' field in the nearest 'package.json' to make this file an ECMAScript module, or adjust your 'verbatimModuleSyntax', 'module', and 'moduleResolution' settings in TypeScript.
src/extraction/DiffEngine.ts(2,10): error TS1484: 'ChangeObject' is a type and must be imported using a type-only import when 'verbatimModuleSyntax' is enabled.
src/extraction/DiffEngine.ts(2,24): error TS1295: ECMAScript imports and exports cannot be written in a CommonJS file under 'verbatimModuleSyntax'. Adjust the 'type' field in the nearest 'package.json' to make this file an ECMAScript module, or adjust your 'verbatimModuleSyntax', 'module', and 'moduleResolution' settings in TypeScript.
src/extraction/DiffEngine.ts(2,24): error TS1484: 'DiffManifest' is a type and must be imported using a type-only import when 'verbatimModuleSyntax' is enabled.
src/extraction/DiffEngine.ts(3,10): error TS1295: ECMAScript imports and exports cannot be written in a CommonJS file under 'verbatimModuleSyntax'. Adjust the 'type' field in the nearest 'package.json' to make this file an ECMAScript module, or adjust your 'verbatimModuleSyntax', 'module', and 'moduleResolution' settings in TypeScript.
src/extraction/DiffEngine.ts(8,1): error TS1287: A top-level 'export' modifier cannot be used on value declarations in a CommonJS module when 'verbatimModuleSyntax' is enabled.
src/extraction/ExtractionService.ts(1,25): error TS2307: Cannot find module '../../interfaces' or its corresponding type declarations.
src/extraction/ExtractionService.ts(2,27): error TS2307: Cannot find module '../ASTEngine' or its corresponding type declarations.
src/extraction/ExtractionService.ts(3,33): error TS2307: Cannot find module '../ParserFramework' or its corresponding type declarations.
src/extraction/ExtractionService.ts(4,28): error TS2307: Cannot find module '../DiffEngine' or its corresponding type declarations.
src/extraction/ExtractionService.ts(5,37): error TS2307: Cannot find module '../FileDiscoveryEngine' or its corresponding type declarations.
src/extraction/ExtractionService.ts(6,66): error TS2307: Cannot find module '../parsers/MVParsers' or its corresponding type declarations.
src/extraction/ExtractionService.ts(7,34): error TS2307: Cannot find module '../../errors' or its corresponding type declarations.
src/extraction/ExtractionService.ts(12,1): error TS1287: A top-level 'export' modifier cannot be used on value declarations in a CommonJS module when 'verbatimModuleSyntax' is enabled.
src/extraction/FactBuilder.ts(1,10): error TS1295: ECMAScript imports and exports cannot be written in a CommonJS file under 'verbatimModuleSyntax'. Adjust the 'type' field in the nearest 'package.json' to make this file an ECMAScript module, or adjust your 'verbatimModuleSyntax', 'module', and 'moduleResolution' settings in TypeScript.
src/extraction/FactBuilder.ts(1,10): error TS1484: 'Fact' is a type and must be imported using a type-only import when 'verbatimModuleSyntax' is enabled.
src/extraction/FactBuilder.ts(1,16): error TS1295: ECMAScript imports and exports cannot be written in a CommonJS file under 'verbatimModuleSyntax'. Adjust the 'type' field in the nearest 'package.json' to make this file an ECMAScript module, or adjust your 'verbatimModuleSyntax', 'module', and 'moduleResolution' settings in TypeScript.
src/extraction/FactBuilder.ts(2,25): error TS2591: Cannot find name 'crypto'. Do you need to install type definitions for node? Try `npm i --save-dev @types/node` and then add 'node' to the types field in your tsconfig.
src/extraction/FactBuilder.ts(3,10): error TS1295: ECMAScript imports and exports cannot be written in a CommonJS file under 'verbatimModuleSyntax'. Adjust the 'type' field in the nearest 'package.json' to make this file an ECMAScript module, or adjust your 'verbatimModuleSyntax', 'module', and 'moduleResolution' settings in TypeScript.
src/extraction/FactBuilder.ts(8,1): error TS1287: A top-level 'export' modifier cannot be used on value declarations in a CommonJS module when 'verbatimModuleSyntax' is enabled.
src/extraction/FileDiscoveryEngine.ts(1,23): error TS2591: Cannot find name 'path'. Do you need to install type definitions for node? Try `npm i --save-dev @types/node` and then add 'node' to the types field in your tsconfig.
src/extraction/FileDiscoveryEngine.ts(2,10): error TS1295: ECMAScript imports and exports cannot be written in a CommonJS file under 'verbatimModuleSyntax'. Adjust the 'type' field in the nearest 'package.json' to make this file an ECMAScript module, or adjust your 'verbatimModuleSyntax', 'module', and 'moduleResolution' settings in TypeScript.
src/extraction/FileDiscoveryEngine.ts(2,10): error TS1484: 'ChangeObject' is a type and must be imported using a type-only import when 'verbatimModuleSyntax' is enabled.
src/extraction/FileDiscoveryEngine.ts(3,10): error TS1295: ECMAScript imports and exports cannot be written in a CommonJS file under 'verbatimModuleSyntax'. Adjust the 'type' field in the nearest 'package.json' to make this file an ECMAScript module, or adjust your 'verbatimModuleSyntax', 'module', and 'moduleResolution' settings in TypeScript.
src/extraction/FileDiscoveryEngine.ts(3,10): error TS1484: 'LanguageParser' is a type and must be imported using a type-only import when 'verbatimModuleSyntax' is enabled.
src/extraction/FileDiscoveryEngine.ts(8,1): error TS1287: A top-level 'export' modifier cannot be used on value declarations in a CommonJS module when 'verbatimModuleSyntax' is enabled.
src/extraction/MetadataExtractor.ts(1,21): error TS2591: Cannot find name 'fs'. Do you need to install type definitions for node? Try `npm i --save-dev @types/node` and then add 'node' to the types field in your tsconfig.
src/extraction/MetadataExtractor.ts(2,23): error TS2591: Cannot find name 'path'. Do you need to install type definitions for node? Try `npm i --save-dev @types/node` and then add 'node' to the types field in your tsconfig.
src/extraction/MetadataExtractor.ts(3,25): error TS2591: Cannot find name 'crypto'. Do you need to install type definitions for node? Try `npm i --save-dev @types/node` and then add 'node' to the types field in your tsconfig.
src/extraction/MetadataExtractor.ts(14,1): error TS1287: A top-level 'export' modifier cannot be used on value declarations in a CommonJS module when 'verbatimModuleSyntax' is enabled.
src/extraction/ParserFramework.ts(1,10): error TS1295: ECMAScript imports and exports cannot be written in a CommonJS file under 'verbatimModuleSyntax'. Adjust the 'type' field in the nearest 'package.json' to make this file an ECMAScript module, or adjust your 'verbatimModuleSyntax', 'module', and 'moduleResolution' settings in TypeScript.
src/extraction/ParserFramework.ts(1,10): error TS1484: 'LanguageParser' is a type and must be imported using a type-only import when 'verbatimModuleSyntax' is enabled.
src/extraction/ParserFramework.ts(2,10): error TS1295: ECMAScript imports and exports cannot be written in a CommonJS file under 'verbatimModuleSyntax'. Adjust the 'type' field in the nearest 'package.json' to make this file an ECMAScript module, or adjust your 'verbatimModuleSyntax', 'module', and 'moduleResolution' settings in TypeScript.
src/extraction/ParserFramework.ts(7,1): error TS1287: A top-level 'export' modifier cannot be used on value declarations in a CommonJS module when 'verbatimModuleSyntax' is enabled.
src/extraction/extractors/APIExtractor.ts(1,8): error TS1295: ECMAScript imports and exports cannot be written in a CommonJS file under 'verbatimModuleSyntax'. Adjust the 'type' field in the nearest 'package.json' to make this file an ECMAScript module, or adjust your 'verbatimModuleSyntax', 'module', and 'moduleResolution' settings in TypeScript.
src/extraction/extractors/APIExtractor.ts(2,10): error TS1295: ECMAScript imports and exports cannot be written in a CommonJS file under 'verbatimModuleSyntax'. Adjust the 'type' field in the nearest 'package.json' to make this file an ECMAScript module, or adjust your 'verbatimModuleSyntax', 'module', and 'moduleResolution' settings in TypeScript.
src/extraction/extractors/APIExtractor.ts(2,10): error TS1484: 'Fact' is a type and must be imported using a type-only import when 'verbatimModuleSyntax' is enabled.
src/extraction/extractors/APIExtractor.ts(3,10): error TS1295: ECMAScript imports and exports cannot be written in a CommonJS file under 'verbatimModuleSyntax'. Adjust the 'type' field in the nearest 'package.json' to make this file an ECMAScript module, or adjust your 'verbatimModuleSyntax', 'module', and 'moduleResolution' settings in TypeScript.
src/extraction/extractors/APIExtractor.ts(5,1): error TS1287: A top-level 'export' modifier cannot be used on value declarations in a CommonJS module when 'verbatimModuleSyntax' is enabled.
src/extraction/extractors/APIExtractor.ts(8,32): error TS2694: Namespace '"web-tree-sitter"' has no exported member 'SyntaxNode'.
src/extraction/extractors/APIExtractor.ts(11,48): error TS7006: Parameter 'n' implicitly has an 'any' type.
src/extraction/extractors/APIExtractor.ts(14,41): error TS7006: Parameter 'n' implicitly has an 'any' type.
src/extraction/extractors/DependencyExtractor.ts(1,8): error TS1295: ECMAScript imports and exports cannot be written in a CommonJS file under 'verbatimModuleSyntax'. Adjust the 'type' field in the nearest 'package.json' to make this file an ECMAScript module, or adjust your 'verbatimModuleSyntax', 'module', and 'moduleResolution' settings in TypeScript.
src/extraction/extractors/DependencyExtractor.ts(6,1): error TS1287: A top-level 'export' modifier cannot be used on value declarations in a CommonJS module when 'verbatimModuleSyntax' is enabled.
src/extraction/extractors/DependencyExtractor.ts(10,32): error TS2694: Namespace '"web-tree-sitter"' has no exported member 'SyntaxNode'.
src/extraction/extractors/DependencyExtractor.ts(12,47): error TS7006: Parameter 'n' implicitly has an 'any' type.
src/extraction/extractors/DependencyExtractor.ts(31,32): error TS2694: Namespace '"web-tree-sitter"' has no exported member 'SyntaxNode'.
src/extraction/extractors/DependencyExtractor.ts(33,47): error TS7006: Parameter 'n' implicitly has an 'any' type.
src/extraction/extractors/SymbolExtractor.ts(1,8): error TS1295: ECMAScript imports and exports cannot be written in a CommonJS file under 'verbatimModuleSyntax'. Adjust the 'type' field in the nearest 'package.json' to make this file an ECMAScript module, or adjust your 'verbatimModuleSyntax', 'module', and 'moduleResolution' settings in TypeScript.
src/extraction/extractors/SymbolExtractor.ts(2,10): error TS1295: ECMAScript imports and exports cannot be written in a CommonJS file under 'verbatimModuleSyntax'. Adjust the 'type' field in the nearest 'package.json' to make this file an ECMAScript module, or adjust your 'verbatimModuleSyntax', 'module', and 'moduleResolution' settings in TypeScript.
src/extraction/extractors/SymbolExtractor.ts(2,10): error TS1484: 'Fact' is a type and must be imported using a type-only import when 'verbatimModuleSyntax' is enabled.
src/extraction/extractors/SymbolExtractor.ts(3,10): error TS1295: ECMAScript imports and exports cannot be written in a CommonJS file under 'verbatimModuleSyntax'. Adjust the 'type' field in the nearest 'package.json' to make this file an ECMAScript module, or adjust your 'verbatimModuleSyntax', 'module', and 'moduleResolution' settings in TypeScript.
src/extraction/extractors/SymbolExtractor.ts(8,1): error TS1287: A top-level 'export' modifier cannot be used on value declarations in a CommonJS module when 'verbatimModuleSyntax' is enabled.
src/extraction/extractors/SymbolExtractor.ts(15,32): error TS2694: Namespace '"web-tree-sitter"' has no exported member 'SyntaxNode'.
src/extraction/extractors/SymbolExtractor.ts(68,32): error TS2694: Namespace '"web-tree-sitter"' has no exported member 'SyntaxNode'.
src/extraction/interfaces/LanguageParser.ts(1,10): error TS1295: ECMAScript imports and exports cannot be written in a CommonJS file under 'verbatimModuleSyntax'. Adjust the 'type' field in the nearest 'package.json' to make this file an ECMAScript module, or adjust your 'verbatimModuleSyntax', 'module', and 'moduleResolution' settings in TypeScript.
src/extraction/interfaces/LanguageParser.ts(1,10): error TS1484: 'Fact' is a type and must be imported using a type-only import when 'verbatimModuleSyntax' is enabled.
src/extraction/interfaces/LanguageParser.ts(2,13): error TS1295: ECMAScript imports and exports cannot be written in a CommonJS file under 'verbatimModuleSyntax'. Adjust the 'type' field in the nearest 'package.json' to make this file an ECMAScript module, or adjust your 'verbatimModuleSyntax', 'module', and 'moduleResolution' settings in TypeScript.
src/extraction/models/Fact.ts(1,10): error TS1295: ECMAScript imports and exports cannot be written in a CommonJS file under 'verbatimModuleSyntax'. Adjust the 'type' field in the nearest 'package.json' to make this file an ECMAScript module, or adjust your 'verbatimModuleSyntax', 'module', and 'moduleResolution' settings in TypeScript.
src/extraction/models/Fact.ts(6,1): error TS1287: A top-level 'export' modifier cannot be used on value declarations in a CommonJS module when 'verbatimModuleSyntax' is enabled.
src/extraction/models/Fact.ts(49,1): error TS1287: A top-level 'export' modifier cannot be used on value declarations in a CommonJS module when 'verbatimModuleSyntax' is enabled.
src/extraction/parsers/MVParsers.ts(1,8): error TS1295: ECMAScript imports and exports cannot be written in a CommonJS file under 'verbatimModuleSyntax'. Adjust the 'type' field in the nearest 'package.json' to make this file an ECMAScript module, or adjust your 'verbatimModuleSyntax', 'module', and 'moduleResolution' settings in TypeScript.
src/extraction/parsers/MVParsers.ts(2,10): error TS1295: ECMAScript imports and exports cannot be written in a CommonJS file under 'verbatimModuleSyntax'. Adjust the 'type' field in the nearest 'package.json' to make this file an ECMAScript module, or adjust your 'verbatimModuleSyntax', 'module', and 'moduleResolution' settings in TypeScript.
src/extraction/parsers/MVParsers.ts(2,10): error TS1484: 'LanguageParser' is a type and must be imported using a type-only import when 'verbatimModuleSyntax' is enabled.
src/extraction/parsers/MVParsers.ts(3,10): error TS1295: ECMAScript imports and exports cannot be written in a CommonJS file under 'verbatimModuleSyntax'. Adjust the 'type' field in the nearest 'package.json' to make this file an ECMAScript module, or adjust your 'verbatimModuleSyntax', 'module', and 'moduleResolution' settings in TypeScript.
src/extraction/parsers/MVParsers.ts(3,10): error TS1484: 'Fact' is a type and must be imported using a type-only import when 'verbatimModuleSyntax' is enabled.
src/extraction/parsers/MVParsers.ts(4,10): error TS1295: ECMAScript imports and exports cannot be written in a CommonJS file under 'verbatimModuleSyntax'. Adjust the 'type' field in the nearest 'package.json' to make this file an ECMAScript module, or adjust your 'verbatimModuleSyntax', 'module', and 'moduleResolution' settings in TypeScript.
src/extraction/parsers/MVParsers.ts(5,10): error TS1295: ECMAScript imports and exports cannot be written in a CommonJS file under 'verbatimModuleSyntax'. Adjust the 'type' field in the nearest 'package.json' to make this file an ECMAScript module, or adjust your 'verbatimModuleSyntax', 'module', and 'moduleResolution' settings in TypeScript.
src/extraction/parsers/MVParsers.ts(6,10): error TS1295: ECMAScript imports and exports cannot be written in a CommonJS file under 'verbatimModuleSyntax'. Adjust the 'type' field in the nearest 'package.json' to make this file an ECMAScript module, or adjust your 'verbatimModuleSyntax', 'module', and 'moduleResolution' settings in TypeScript.
src/extraction/parsers/MVParsers.ts(8,1): error TS1287: A top-level 'export' modifier cannot be used on value declarations in a CommonJS module when 'verbatimModuleSyntax' is enabled.
src/extraction/parsers/MVParsers.ts(11,19): error TS2709: Cannot use namespace 'Parser' as a type.
src/extraction/parsers/MVParsers.ts(13,23): error TS2709: Cannot use namespace 'Parser' as a type.
src/extraction/parsers/MVParsers.ts(34,1): error TS1287: A top-level 'export' modifier cannot be used on value declarations in a CommonJS module when 'verbatimModuleSyntax' is enabled.
src/extraction/parsers/MVParsers.ts(37,19): error TS2709: Cannot use namespace 'Parser' as a type.
src/extraction/parsers/MVParsers.ts(39,23): error TS2709: Cannot use namespace 'Parser' as a type.
src/extraction/parsers/MVParsers.ts(61,1): error TS1287: A top-level 'export' modifier cannot be used on value declarations in a CommonJS module when 'verbatimModuleSyntax' is enabled.
src/extraction/parsers/MVParsers.ts(64,19): error TS2709: Cannot use namespace 'Parser' as a type.
src/extraction/parsers/MVParsers.ts(66,23): error TS2709: Cannot use namespace 'Parser' as a type.
src/intelligence/RepositoryIntelligenceEngine.ts(1,10): error TS1295: ECMAScript imports and exports cannot be written in a CommonJS file under 'verbatimModuleSyntax'. Adjust the 'type' field in the nearest 'package.json' to make this file an ECMAScript module, or adjust your 'verbatimModuleSyntax', 'module', and 'moduleResolution' settings in TypeScript.
src/intelligence/RepositoryIntelligenceEngine.ts(1,10): error TS1484: 'Service' is a type and must be imported using a type-only import when 'verbatimModuleSyntax' is enabled.
src/intelligence/RepositoryIntelligenceEngine.ts(2,10): error TS1295: ECMAScript imports and exports cannot be written in a CommonJS file under 'verbatimModuleSyntax'. Adjust the 'type' field in the nearest 'package.json' to make this file an ECMAScript module, or adjust your 'verbatimModuleSyntax', 'module', and 'moduleResolution' settings in TypeScript.
src/intelligence/RepositoryIntelligenceEngine.ts(2,10): error TS1484: 'LLMAdapter' is a type and must be imported using a type-only import when 'verbatimModuleSyntax' is enabled.
src/intelligence/RepositoryIntelligenceEngine.ts(3,10): error TS1295: ECMAScript imports and exports cannot be written in a CommonJS file under 'verbatimModuleSyntax'. Adjust the 'type' field in the nearest 'package.json' to make this file an ECMAScript module, or adjust your 'verbatimModuleSyntax', 'module', and 'moduleResolution' settings in TypeScript.
src/intelligence/RepositoryIntelligenceEngine.ts(4,10): error TS1295: ECMAScript imports and exports cannot be written in a CommonJS file under 'verbatimModuleSyntax'. Adjust the 'type' field in the nearest 'package.json' to make this file an ECMAScript module, or adjust your 'verbatimModuleSyntax', 'module', and 'moduleResolution' settings in TypeScript.
src/intelligence/RepositoryIntelligenceEngine.ts(5,10): error TS1295: ECMAScript imports and exports cannot be written in a CommonJS file under 'verbatimModuleSyntax'. Adjust the 'type' field in the nearest 'package.json' to make this file an ECMAScript module, or adjust your 'verbatimModuleSyntax', 'module', and 'moduleResolution' settings in TypeScript.
src/intelligence/RepositoryIntelligenceEngine.ts(6,10): error TS1295: ECMAScript imports and exports cannot be written in a CommonJS file under 'verbatimModuleSyntax'. Adjust the 'type' field in the nearest 'package.json' to make this file an ECMAScript module, or adjust your 'verbatimModuleSyntax', 'module', and 'moduleResolution' settings in TypeScript.
src/intelligence/RepositoryIntelligenceEngine.ts(6,33): error TS1295: ECMAScript imports and exports cannot be written in a CommonJS file under 'verbatimModuleSyntax'. Adjust the 'type' field in the nearest 'package.json' to make this file an ECMAScript module, or adjust your 'verbatimModuleSyntax', 'module', and 'moduleResolution' settings in TypeScript.
src/intelligence/RepositoryIntelligenceEngine.ts(6,33): error TS1484: 'KnowledgeGraph' is a type and must be imported using a type-only import when 'verbatimModuleSyntax' is enabled.
src/intelligence/RepositoryIntelligenceEngine.ts(7,10): error TS1295: ECMAScript imports and exports cannot be written in a CommonJS file under 'verbatimModuleSyntax'. Adjust the 'type' field in the nearest 'package.json' to make this file an ECMAScript module, or adjust your 'verbatimModuleSyntax', 'module', and 'moduleResolution' settings in TypeScript.
src/intelligence/RepositoryIntelligenceEngine.ts(8,10): error TS1295: ECMAScript imports and exports cannot be written in a CommonJS file under 'verbatimModuleSyntax'. Adjust the 'type' field in the nearest 'package.json' to make this file an ECMAScript module, or adjust your 'verbatimModuleSyntax', 'module', and 'moduleResolution' settings in TypeScript.
src/intelligence/RepositoryIntelligenceEngine.ts(8,10): error TS1484: 'Fact' is a type and must be imported using a type-only import when 'verbatimModuleSyntax' is enabled.
src/intelligence/RepositoryIntelligenceEngine.ts(9,10): error TS1295: ECMAScript imports and exports cannot be written in a CommonJS file under 'verbatimModuleSyntax'. Adjust the 'type' field in the nearest 'package.json' to make this file an ECMAScript module, or adjust your 'verbatimModuleSyntax', 'module', and 'moduleResolution' settings in TypeScript.
src/intelligence/RepositoryIntelligenceEngine.ts(15,1): error TS1287: A top-level 'export' modifier cannot be used on value declarations in a CommonJS module when 'verbatimModuleSyntax' is enabled.
src/intelligence/adapters/MockLLMAdapter.ts(1,10): error TS1295: ECMAScript imports and exports cannot be written in a CommonJS file under 'verbatimModuleSyntax'. Adjust the 'type' field in the nearest 'package.json' to make this file an ECMAScript module, or adjust your 'verbatimModuleSyntax', 'module', and 'moduleResolution' settings in TypeScript.
src/intelligence/adapters/MockLLMAdapter.ts(1,10): error TS1484: 'LLMAdapter' is a type and must be imported using a type-only import when 'verbatimModuleSyntax' is enabled.
src/intelligence/adapters/MockLLMAdapter.ts(2,10): error TS1295: ECMAScript imports and exports cannot be written in a CommonJS file under 'verbatimModuleSyntax'. Adjust the 'type' field in the nearest 'package.json' to make this file an ECMAScript module, or adjust your 'verbatimModuleSyntax', 'module', and 'moduleResolution' settings in TypeScript.
src/intelligence/adapters/MockLLMAdapter.ts(7,1): error TS1287: A top-level 'export' modifier cannot be used on value declarations in a CommonJS module when 'verbatimModuleSyntax' is enabled.
src/intelligence/engines/ArchitectureEvolutionEngine.ts(1,10): error TS1295: ECMAScript imports and exports cannot be written in a CommonJS file under 'verbatimModuleSyntax'. Adjust the 'type' field in the nearest 'package.json' to make this file an ECMAScript module, or adjust your 'verbatimModuleSyntax', 'module', and 'moduleResolution' settings in TypeScript.
src/intelligence/engines/ArchitectureEvolutionEngine.ts(1,10): error TS1484: 'LLMAdapter' is a type and must be imported using a type-only import when 'verbatimModuleSyntax' is enabled.
src/intelligence/engines/ArchitectureEvolutionEngine.ts(2,10): error TS1295: ECMAScript imports and exports cannot be written in a CommonJS file under 'verbatimModuleSyntax'. Adjust the 'type' field in the nearest 'package.json' to make this file an ECMAScript module, or adjust your 'verbatimModuleSyntax', 'module', and 'moduleResolution' settings in TypeScript.
src/intelligence/engines/ArchitectureEvolutionEngine.ts(3,10): error TS1295: ECMAScript imports and exports cannot be written in a CommonJS file under 'verbatimModuleSyntax'. Adjust the 'type' field in the nearest 'package.json' to make this file an ECMAScript module, or adjust your 'verbatimModuleSyntax', 'module', and 'moduleResolution' settings in TypeScript.
src/intelligence/engines/ArchitectureEvolutionEngine.ts(3,10): error TS1484: 'ArchitecturalEvent' is a type and must be imported using a type-only import when 'verbatimModuleSyntax' is enabled.
src/intelligence/engines/ArchitectureEvolutionEngine.ts(3,30): error TS1295: ECMAScript imports and exports cannot be written in a CommonJS file under 'verbatimModuleSyntax'. Adjust the 'type' field in the nearest 'package.json' to make this file an ECMAScript module, or adjust your 'verbatimModuleSyntax', 'module', and 'moduleResolution' settings in TypeScript.
src/intelligence/engines/ArchitectureEvolutionEngine.ts(4,10): error TS1295: ECMAScript imports and exports cannot be written in a CommonJS file under 'verbatimModuleSyntax'. Adjust the 'type' field in the nearest 'package.json' to make this file an ECMAScript module, or adjust your 'verbatimModuleSyntax', 'module', and 'moduleResolution' settings in TypeScript.
src/intelligence/engines/ArchitectureEvolutionEngine.ts(4,10): error TS1484: 'Fact' is a type and must be imported using a type-only import when 'verbatimModuleSyntax' is enabled.
src/intelligence/engines/ArchitectureEvolutionEngine.ts(5,10): error TS1295: ECMAScript imports and exports cannot be written in a CommonJS file under 'verbatimModuleSyntax'. Adjust the 'type' field in the nearest 'package.json' to make this file an ECMAScript module, or adjust your 'verbatimModuleSyntax', 'module', and 'moduleResolution' settings in TypeScript.
src/intelligence/engines/ArchitectureEvolutionEngine.ts(10,1): error TS1287: A top-level 'export' modifier cannot be used on value declarations in a CommonJS module when 'verbatimModuleSyntax' is enabled.
src/intelligence/engines/ChangeClassifier.ts(1,10): error TS1295: ECMAScript imports and exports cannot be written in a CommonJS file under 'verbatimModuleSyntax'. Adjust the 'type' field in the nearest 'package.json' to make this file an ECMAScript module, or adjust your 'verbatimModuleSyntax', 'module', and 'moduleResolution' settings in TypeScript.
src/intelligence/engines/ChangeClassifier.ts(1,10): error TS1484: 'LLMAdapter' is a type and must be imported using a type-only import when 'verbatimModuleSyntax' is enabled.
src/intelligence/engines/ChangeClassifier.ts(2,10): error TS1295: ECMAScript imports and exports cannot be written in a CommonJS file under 'verbatimModuleSyntax'. Adjust the 'type' field in the nearest 'package.json' to make this file an ECMAScript module, or adjust your 'verbatimModuleSyntax', 'module', and 'moduleResolution' settings in TypeScript.
src/intelligence/engines/ChangeClassifier.ts(3,10): error TS1295: ECMAScript imports and exports cannot be written in a CommonJS file under 'verbatimModuleSyntax'. Adjust the 'type' field in the nearest 'package.json' to make this file an ECMAScript module, or adjust your 'verbatimModuleSyntax', 'module', and 'moduleResolution' settings in TypeScript.
src/intelligence/engines/ChangeClassifier.ts(3,10): error TS1484: 'SemanticEvent' is a type and must be imported using a type-only import when 'verbatimModuleSyntax' is enabled.
src/intelligence/engines/ChangeClassifier.ts(3,25): error TS1295: ECMAScript imports and exports cannot be written in a CommonJS file under 'verbatimModuleSyntax'. Adjust the 'type' field in the nearest 'package.json' to make this file an ECMAScript module, or adjust your 'verbatimModuleSyntax', 'module', and 'moduleResolution' settings in TypeScript.
src/intelligence/engines/ChangeClassifier.ts(4,10): error TS1295: ECMAScript imports and exports cannot be written in a CommonJS file under 'verbatimModuleSyntax'. Adjust the 'type' field in the nearest 'package.json' to make this file an ECMAScript module, or adjust your 'verbatimModuleSyntax', 'module', and 'moduleResolution' settings in TypeScript.
src/intelligence/engines/ChangeClassifier.ts(4,10): error TS1484: 'Fact' is a type and must be imported using a type-only import when 'verbatimModuleSyntax' is enabled.
src/intelligence/engines/ChangeClassifier.ts(5,10): error TS1295: ECMAScript imports and exports cannot be written in a CommonJS file under 'verbatimModuleSyntax'. Adjust the 'type' field in the nearest 'package.json' to make this file an ECMAScript module, or adjust your 'verbatimModuleSyntax', 'module', and 'moduleResolution' settings in TypeScript.
src/intelligence/engines/ChangeClassifier.ts(10,1): error TS1287: A top-level 'export' modifier cannot be used on value declarations in a CommonJS module when 'verbatimModuleSyntax' is enabled.
src/intelligence/engines/KnowledgeGraphBuilder.ts(1,10): error TS1295: ECMAScript imports and exports cannot be written in a CommonJS file under 'verbatimModuleSyntax'. Adjust the 'type' field in the nearest 'package.json' to make this file an ECMAScript module, or adjust your 'verbatimModuleSyntax', 'module', and 'moduleResolution' settings in TypeScript.
src/intelligence/engines/KnowledgeGraphBuilder.ts(1,10): error TS1484: 'SemanticEvent' is a type and must be imported using a type-only import when 'verbatimModuleSyntax' is enabled.
src/intelligence/engines/KnowledgeGraphBuilder.ts(1,25): error TS1295: ECMAScript imports and exports cannot be written in a CommonJS file under 'verbatimModuleSyntax'. Adjust the 'type' field in the nearest 'package.json' to make this file an ECMAScript module, or adjust your 'verbatimModuleSyntax', 'module', and 'moduleResolution' settings in TypeScript.
src/intelligence/engines/KnowledgeGraphBuilder.ts(1,25): error TS1484: 'ArchitecturalEvent' is a type and must be imported using a type-only import when 'verbatimModuleSyntax' is enabled.
src/intelligence/engines/KnowledgeGraphBuilder.ts(2,10): error TS1295: ECMAScript imports and exports cannot be written in a CommonJS file under 'verbatimModuleSyntax'. Adjust the 'type' field in the nearest 'package.json' to make this file an ECMAScript module, or adjust your 'verbatimModuleSyntax', 'module', and 'moduleResolution' settings in TypeScript.
src/intelligence/engines/KnowledgeGraphBuilder.ts(2,10): error TS1484: 'Fact' is a type and must be imported using a type-only import when 'verbatimModuleSyntax' is enabled.
src/intelligence/engines/KnowledgeGraphBuilder.ts(14,1): error TS1287: A top-level 'export' modifier cannot be used on value declarations in a CommonJS module when 'verbatimModuleSyntax' is enabled.
src/intelligence/engines/OtherEngines.ts(1,10): error TS1295: ECMAScript imports and exports cannot be written in a CommonJS file under 'verbatimModuleSyntax'. Adjust the 'type' field in the nearest 'package.json' to make this file an ECMAScript module, or adjust your 'verbatimModuleSyntax', 'module', and 'moduleResolution' settings in TypeScript.
src/intelligence/engines/OtherEngines.ts(1,10): error TS1484: 'LLMAdapter' is a type and must be imported using a type-only import when 'verbatimModuleSyntax' is enabled.
src/intelligence/engines/OtherEngines.ts(2,10): error TS1295: ECMAScript imports and exports cannot be written in a CommonJS file under 'verbatimModuleSyntax'. Adjust the 'type' field in the nearest 'package.json' to make this file an ECMAScript module, or adjust your 'verbatimModuleSyntax', 'module', and 'moduleResolution' settings in TypeScript.
src/intelligence/engines/OtherEngines.ts(3,10): error TS1295: ECMAScript imports and exports cannot be written in a CommonJS file under 'verbatimModuleSyntax'. Adjust the 'type' field in the nearest 'package.json' to make this file an ECMAScript module, or adjust your 'verbatimModuleSyntax', 'module', and 'moduleResolution' settings in TypeScript.
src/intelligence/engines/OtherEngines.ts(3,10): error TS1484: 'Fact' is a type and must be imported using a type-only import when 'verbatimModuleSyntax' is enabled.
src/intelligence/engines/OtherEngines.ts(8,1): error TS1287: A top-level 'export' modifier cannot be used on value declarations in a CommonJS module when 'verbatimModuleSyntax' is enabled.
src/intelligence/engines/OtherEngines.ts(21,1): error TS1287: A top-level 'export' modifier cannot be used on value declarations in a CommonJS module when 'verbatimModuleSyntax' is enabled.
src/intelligence/engines/OtherEngines.ts(33,1): error TS1287: A top-level 'export' modifier cannot be used on value declarations in a CommonJS module when 'verbatimModuleSyntax' is enabled.
src/intelligence/engines/SummaryGenerator.ts(1,10): error TS1295: ECMAScript imports and exports cannot be written in a CommonJS file under 'verbatimModuleSyntax'. Adjust the 'type' field in the nearest 'package.json' to make this file an ECMAScript module, or adjust your 'verbatimModuleSyntax', 'module', and 'moduleResolution' settings in TypeScript.
src/intelligence/engines/SummaryGenerator.ts(1,10): error TS1484: 'LLMAdapter' is a type and must be imported using a type-only import when 'verbatimModuleSyntax' is enabled.
src/intelligence/engines/SummaryGenerator.ts(2,10): error TS1295: ECMAScript imports and exports cannot be written in a CommonJS file under 'verbatimModuleSyntax'. Adjust the 'type' field in the nearest 'package.json' to make this file an ECMAScript module, or adjust your 'verbatimModuleSyntax', 'module', and 'moduleResolution' settings in TypeScript.
src/intelligence/engines/SummaryGenerator.ts(3,10): error TS1295: ECMAScript imports and exports cannot be written in a CommonJS file under 'verbatimModuleSyntax'. Adjust the 'type' field in the nearest 'package.json' to make this file an ECMAScript module, or adjust your 'verbatimModuleSyntax', 'module', and 'moduleResolution' settings in TypeScript.
src/intelligence/engines/SummaryGenerator.ts(3,10): error TS1484: 'KnowledgeGraph' is a type and must be imported using a type-only import when 'verbatimModuleSyntax' is enabled.
src/intelligence/engines/SummaryGenerator.ts(4,10): error TS1295: ECMAScript imports and exports cannot be written in a CommonJS file under 'verbatimModuleSyntax'. Adjust the 'type' field in the nearest 'package.json' to make this file an ECMAScript module, or adjust your 'verbatimModuleSyntax', 'module', and 'moduleResolution' settings in TypeScript.
src/intelligence/engines/SummaryGenerator.ts(9,1): error TS1287: A top-level 'export' modifier cannot be used on value declarations in a CommonJS module when 'verbatimModuleSyntax' is enabled.
src/intelligence/models/SemanticModels.ts(1,10): error TS1295: ECMAScript imports and exports cannot be written in a CommonJS file under 'verbatimModuleSyntax'. Adjust the 'type' field in the nearest 'package.json' to make this file an ECMAScript module, or adjust your 'verbatimModuleSyntax', 'module', and 'moduleResolution' settings in TypeScript.
src/intelligence/models/SemanticModels.ts(3,1): error TS1287: A top-level 'export' modifier cannot be used on value declarations in a CommonJS module when 'verbatimModuleSyntax' is enabled.
src/intelligence/models/SemanticModels.ts(13,1): error TS1287: A top-level 'export' modifier cannot be used on value declarations in a CommonJS module when 'verbatimModuleSyntax' is enabled.
src/intelligence/models/SemanticModels.ts(35,1): error TS1287: A top-level 'export' modifier cannot be used on value declarations in a CommonJS module when 'verbatimModuleSyntax' is enabled.
src/intelligence/prompts/PromptManager.ts(1,1): error TS1287: A top-level 'export' modifier cannot be used on value declarations in a CommonJS module when 'verbatimModuleSyntax' is enabled.
src/intelligence/slm/SLMClient.ts(11,1): error TS1287: A top-level 'export' modifier cannot be used on value declarations in a CommonJS module when 'verbatimModuleSyntax' is enabled.
src/interfaces/Plugin.ts(1,10): error TS1295: ECMAScript imports and exports cannot be written in a CommonJS file under 'verbatimModuleSyntax'. Adjust the 'type' field in the nearest 'package.json' to make this file an ECMAScript module, or adjust your 'verbatimModuleSyntax', 'module', and 'moduleResolution' settings in TypeScript.
src/interfaces/Plugin.ts(6,1): error TS1287: A top-level 'export' modifier cannot be used on value declarations in a CommonJS module when 'verbatimModuleSyntax' is enabled.
src/kernel/ProjectMindKernel.ts(1,10): error TS1295: ECMAScript imports and exports cannot be written in a CommonJS file under 'verbatimModuleSyntax'. Adjust the 'type' field in the nearest 'package.json' to make this file an ECMAScript module, or adjust your 'verbatimModuleSyntax', 'module', and 'moduleResolution' settings in TypeScript.
src/kernel/ProjectMindKernel.ts(1,32): error TS1295: ECMAScript imports and exports cannot be written in a CommonJS file under 'verbatimModuleSyntax'. Adjust the 'type' field in the nearest 'package.json' to make this file an ECMAScript module, or adjust your 'verbatimModuleSyntax', 'module', and 'moduleResolution' settings in TypeScript.
src/kernel/ProjectMindKernel.ts(1,32): error TS1484: 'ProjectMindConfig' is a type and must be imported using a type-only import when 'verbatimModuleSyntax' is enabled.
src/kernel/ProjectMindKernel.ts(2,10): error TS1295: ECMAScript imports and exports cannot be written in a CommonJS file under 'verbatimModuleSyntax'. Adjust the 'type' field in the nearest 'package.json' to make this file an ECMAScript module, or adjust your 'verbatimModuleSyntax', 'module', and 'moduleResolution' settings in TypeScript.
src/kernel/ProjectMindKernel.ts(3,10): error TS1295: ECMAScript imports and exports cannot be written in a CommonJS file under 'verbatimModuleSyntax'. Adjust the 'type' field in the nearest 'package.json' to make this file an ECMAScript module, or adjust your 'verbatimModuleSyntax', 'module', and 'moduleResolution' settings in TypeScript.
src/kernel/ProjectMindKernel.ts(4,10): error TS1295: ECMAScript imports and exports cannot be written in a CommonJS file under 'verbatimModuleSyntax'. Adjust the 'type' field in the nearest 'package.json' to make this file an ECMAScript module, or adjust your 'verbatimModuleSyntax', 'module', and 'moduleResolution' settings in TypeScript.
src/kernel/ProjectMindKernel.ts(5,10): error TS1295: ECMAScript imports and exports cannot be written in a CommonJS file under 'verbatimModuleSyntax'. Adjust the 'type' field in the nearest 'package.json' to make this file an ECMAScript module, or adjust your 'verbatimModuleSyntax', 'module', and 'moduleResolution' settings in TypeScript.
src/kernel/ProjectMindKernel.ts(6,10): error TS1295: ECMAScript imports and exports cannot be written in a CommonJS file under 'verbatimModuleSyntax'. Adjust the 'type' field in the nearest 'package.json' to make this file an ECMAScript module, or adjust your 'verbatimModuleSyntax', 'module', and 'moduleResolution' settings in TypeScript.
src/kernel/ProjectMindKernel.ts(7,10): error TS1295: ECMAScript imports and exports cannot be written in a CommonJS file under 'verbatimModuleSyntax'. Adjust the 'type' field in the nearest 'package.json' to make this file an ECMAScript module, or adjust your 'verbatimModuleSyntax', 'module', and 'moduleResolution' settings in TypeScript.
src/kernel/ProjectMindKernel.ts(7,10): error TS1484: 'Service' is a type and must be imported using a type-only import when 'verbatimModuleSyntax' is enabled.
src/kernel/ProjectMindKernel.ts(8,10): error TS1295: ECMAScript imports and exports cannot be written in a CommonJS file under 'verbatimModuleSyntax'. Adjust the 'type' field in the nearest 'package.json' to make this file an ECMAScript module, or adjust your 'verbatimModuleSyntax', 'module', and 'moduleResolution' settings in TypeScript.
src/kernel/ProjectMindKernel.ts(9,10): error TS1295: ECMAScript imports and exports cannot be written in a CommonJS file under 'verbatimModuleSyntax'. Adjust the 'type' field in the nearest 'package.json' to make this file an ECMAScript module, or adjust your 'verbatimModuleSyntax', 'module', and 'moduleResolution' settings in TypeScript.
src/kernel/ProjectMindKernel.ts(10,10): error TS1295: ECMAScript imports and exports cannot be written in a CommonJS file under 'verbatimModuleSyntax'. Adjust the 'type' field in the nearest 'package.json' to make this file an ECMAScript module, or adjust your 'verbatimModuleSyntax', 'module', and 'moduleResolution' settings in TypeScript.
src/kernel/ProjectMindKernel.ts(11,10): error TS1295: ECMAScript imports and exports cannot be written in a CommonJS file under 'verbatimModuleSyntax'. Adjust the 'type' field in the nearest 'package.json' to make this file an ECMAScript module, or adjust your 'verbatimModuleSyntax', 'module', and 'moduleResolution' settings in TypeScript.
src/kernel/ProjectMindKernel.ts(12,10): error TS1295: ECMAScript imports and exports cannot be written in a CommonJS file under 'verbatimModuleSyntax'. Adjust the 'type' field in the nearest 'package.json' to make this file an ECMAScript module, or adjust your 'verbatimModuleSyntax', 'module', and 'moduleResolution' settings in TypeScript.
src/kernel/ProjectMindKernel.ts(13,10): error TS1295: ECMAScript imports and exports cannot be written in a CommonJS file under 'verbatimModuleSyntax'. Adjust the 'type' field in the nearest 'package.json' to make this file an ECMAScript module, or adjust your 'verbatimModuleSyntax', 'module', and 'moduleResolution' settings in TypeScript.
src/kernel/ProjectMindKernel.ts(18,1): error TS1287: A top-level 'export' modifier cannot be used on value declarations in a CommonJS module when 'verbatimModuleSyntax' is enabled.
src/kernel/RecoveryManager.ts(1,10): error TS1295: ECMAScript imports and exports cannot be written in a CommonJS file under 'verbatimModuleSyntax'. Adjust the 'type' field in the nearest 'package.json' to make this file an ECMAScript module, or adjust your 'verbatimModuleSyntax', 'module', and 'moduleResolution' settings in TypeScript.
src/kernel/RecoveryManager.ts(3,1): error TS1287: A top-level 'export' modifier cannot be used on value declarations in a CommonJS module when 'verbatimModuleSyntax' is enabled.
src/kernel/RecoveryManager.ts(9,39): error TS2339: Property 'workspacePath' does not exist on type 'WorkspaceManager'.
src/memory/CoreEngines.ts(1,10): error TS1295: ECMAScript imports and exports cannot be written in a CommonJS file under 'verbatimModuleSyntax'. Adjust the 'type' field in the nearest 'package.json' to make this file an ECMAScript module, or adjust your 'verbatimModuleSyntax', 'module', and 'moduleResolution' settings in TypeScript.
src/memory/CoreEngines.ts(1,10): error TS1484: 'KnowledgeGraph' is a type and must be imported using a type-only import when 'verbatimModuleSyntax' is enabled.
src/memory/CoreEngines.ts(2,10): error TS1295: ECMAScript imports and exports cannot be written in a CommonJS file under 'verbatimModuleSyntax'. Adjust the 'type' field in the nearest 'package.json' to make this file an ECMAScript module, or adjust your 'verbatimModuleSyntax', 'module', and 'moduleResolution' settings in TypeScript.
src/memory/CoreEngines.ts(2,10): error TS1484: 'Fact' is a type and must be imported using a type-only import when 'verbatimModuleSyntax' is enabled.
src/memory/CoreEngines.ts(4,1): error TS1287: A top-level 'export' modifier cannot be used on value declarations in a CommonJS module when 'verbatimModuleSyntax' is enabled.
src/memory/CoreEngines.ts(16,1): error TS1287: A top-level 'export' modifier cannot be used on value declarations in a CommonJS module when 'verbatimModuleSyntax' is enabled.
src/memory/CoreEngines.ts(33,1): error TS1287: A top-level 'export' modifier cannot be used on value declarations in a CommonJS module when 'verbatimModuleSyntax' is enabled.
src/memory/HistoryEngines.ts(1,10): error TS1295: ECMAScript imports and exports cannot be written in a CommonJS file under 'verbatimModuleSyntax'. Adjust the 'type' field in the nearest 'package.json' to make this file an ECMAScript module, or adjust your 'verbatimModuleSyntax', 'module', and 'moduleResolution' settings in TypeScript.
src/memory/HistoryEngines.ts(1,10): error TS1484: 'SemanticEvent' is a type and must be imported using a type-only import when 'verbatimModuleSyntax' is enabled.
src/memory/HistoryEngines.ts(1,25): error TS1295: ECMAScript imports and exports cannot be written in a CommonJS file under 'verbatimModuleSyntax'. Adjust the 'type' field in the nearest 'package.json' to make this file an ECMAScript module, or adjust your 'verbatimModuleSyntax', 'module', and 'moduleResolution' settings in TypeScript.
src/memory/HistoryEngines.ts(1,25): error TS1484: 'ArchitecturalEvent' is a type and must be imported using a type-only import when 'verbatimModuleSyntax' is enabled.
src/memory/HistoryEngines.ts(2,10): error TS1295: ECMAScript imports and exports cannot be written in a CommonJS file under 'verbatimModuleSyntax'. Adjust the 'type' field in the nearest 'package.json' to make this file an ECMAScript module, or adjust your 'verbatimModuleSyntax', 'module', and 'moduleResolution' settings in TypeScript.
src/memory/HistoryEngines.ts(3,23): error TS2591: Cannot find name 'path'. Do you need to install type definitions for node? Try `npm i --save-dev @types/node` and then add 'node' to the types field in your tsconfig.
src/memory/HistoryEngines.ts(5,1): error TS1287: A top-level 'export' modifier cannot be used on value declarations in a CommonJS module when 'verbatimModuleSyntax' is enabled.
src/memory/HistoryEngines.ts(18,1): error TS1287: A top-level 'export' modifier cannot be used on value declarations in a CommonJS module when 'verbatimModuleSyntax' is enabled.
src/memory/HistoryEngines.ts(34,1): error TS1287: A top-level 'export' modifier cannot be used on value declarations in a CommonJS module when 'verbatimModuleSyntax' is enabled.
src/memory/MemoryEngineService.ts(1,10): error TS1295: ECMAScript imports and exports cannot be written in a CommonJS file under 'verbatimModuleSyntax'. Adjust the 'type' field in the nearest 'package.json' to make this file an ECMAScript module, or adjust your 'verbatimModuleSyntax', 'module', and 'moduleResolution' settings in TypeScript.
src/memory/MemoryEngineService.ts(1,10): error TS1484: 'Service' is a type and must be imported using a type-only import when 'verbatimModuleSyntax' is enabled.
src/memory/MemoryEngineService.ts(2,10): error TS1295: ECMAScript imports and exports cannot be written in a CommonJS file under 'verbatimModuleSyntax'. Adjust the 'type' field in the nearest 'package.json' to make this file an ECMAScript module, or adjust your 'verbatimModuleSyntax', 'module', and 'moduleResolution' settings in TypeScript.
src/memory/MemoryEngineService.ts(3,10): error TS1295: ECMAScript imports and exports cannot be written in a CommonJS file under 'verbatimModuleSyntax'. Adjust the 'type' field in the nearest 'package.json' to make this file an ECMAScript module, or adjust your 'verbatimModuleSyntax', 'module', and 'moduleResolution' settings in TypeScript.
src/memory/MemoryEngineService.ts(3,25): error TS1295: ECMAScript imports and exports cannot be written in a CommonJS file under 'verbatimModuleSyntax'. Adjust the 'type' field in the nearest 'package.json' to make this file an ECMAScript module, or adjust your 'verbatimModuleSyntax', 'module', and 'moduleResolution' settings in TypeScript.
src/memory/MemoryEngineService.ts(4,10): error TS1295: ECMAScript imports and exports cannot be written in a CommonJS file under 'verbatimModuleSyntax'. Adjust the 'type' field in the nearest 'package.json' to make this file an ECMAScript module, or adjust your 'verbatimModuleSyntax', 'module', and 'moduleResolution' settings in TypeScript.
src/memory/MemoryEngineService.ts(4,23): error TS1295: ECMAScript imports and exports cannot be written in a CommonJS file under 'verbatimModuleSyntax'. Adjust the 'type' field in the nearest 'package.json' to make this file an ECMAScript module, or adjust your 'verbatimModuleSyntax', 'module', and 'moduleResolution' settings in TypeScript.
src/memory/MemoryEngineService.ts(5,10): error TS1295: ECMAScript imports and exports cannot be written in a CommonJS file under 'verbatimModuleSyntax'. Adjust the 'type' field in the nearest 'package.json' to make this file an ECMAScript module, or adjust your 'verbatimModuleSyntax', 'module', and 'moduleResolution' settings in TypeScript.
src/memory/MemoryEngineService.ts(5,26): error TS1295: ECMAScript imports and exports cannot be written in a CommonJS file under 'verbatimModuleSyntax'. Adjust the 'type' field in the nearest 'package.json' to make this file an ECMAScript module, or adjust your 'verbatimModuleSyntax', 'module', and 'moduleResolution' settings in TypeScript.
src/memory/MemoryEngineService.ts(5,41): error TS1295: ECMAScript imports and exports cannot be written in a CommonJS file under 'verbatimModuleSyntax'. Adjust the 'type' field in the nearest 'package.json' to make this file an ECMAScript module, or adjust your 'verbatimModuleSyntax', 'module', and 'moduleResolution' settings in TypeScript.
src/memory/MemoryEngineService.ts(6,10): error TS1295: ECMAScript imports and exports cannot be written in a CommonJS file under 'verbatimModuleSyntax'. Adjust the 'type' field in the nearest 'package.json' to make this file an ECMAScript module, or adjust your 'verbatimModuleSyntax', 'module', and 'moduleResolution' settings in TypeScript.
src/memory/MemoryEngineService.ts(6,29): error TS1295: ECMAScript imports and exports cannot be written in a CommonJS file under 'verbatimModuleSyntax'. Adjust the 'type' field in the nearest 'package.json' to make this file an ECMAScript module, or adjust your 'verbatimModuleSyntax', 'module', and 'moduleResolution' settings in TypeScript.
src/memory/MemoryEngineService.ts(7,10): error TS1295: ECMAScript imports and exports cannot be written in a CommonJS file under 'verbatimModuleSyntax'. Adjust the 'type' field in the nearest 'package.json' to make this file an ECMAScript module, or adjust your 'verbatimModuleSyntax', 'module', and 'moduleResolution' settings in TypeScript.
src/memory/MemoryEngineService.ts(7,10): error TS1484: 'KnowledgeGraph' is a type and must be imported using a type-only import when 'verbatimModuleSyntax' is enabled.
src/memory/MemoryEngineService.ts(8,10): error TS1295: ECMAScript imports and exports cannot be written in a CommonJS file under 'verbatimModuleSyntax'. Adjust the 'type' field in the nearest 'package.json' to make this file an ECMAScript module, or adjust your 'verbatimModuleSyntax', 'module', and 'moduleResolution' settings in TypeScript.
src/memory/MemoryEngineService.ts(14,1): error TS1287: A top-level 'export' modifier cannot be used on value declarations in a CommonJS module when 'verbatimModuleSyntax' is enabled.
src/memory/OptimizationEngines.ts(1,10): error TS1295: ECMAScript imports and exports cannot be written in a CommonJS file under 'verbatimModuleSyntax'. Adjust the 'type' field in the nearest 'package.json' to make this file an ECMAScript module, or adjust your 'verbatimModuleSyntax', 'module', and 'moduleResolution' settings in TypeScript.
src/memory/OptimizationEngines.ts(1,10): error TS1484: 'KnowledgeGraph' is a type and must be imported using a type-only import when 'verbatimModuleSyntax' is enabled.
src/memory/OptimizationEngines.ts(3,1): error TS1287: A top-level 'export' modifier cannot be used on value declarations in a CommonJS module when 'verbatimModuleSyntax' is enabled.
src/memory/OptimizationEngines.ts(13,1): error TS1287: A top-level 'export' modifier cannot be used on value declarations in a CommonJS module when 'verbatimModuleSyntax' is enabled.
src/memory/PersistenceEngine.ts(1,21): error TS2591: Cannot find name 'fs'. Do you need to install type definitions for node? Try `npm i --save-dev @types/node` and then add 'node' to the types field in your tsconfig.
src/memory/PersistenceEngine.ts(2,23): error TS2591: Cannot find name 'path'. Do you need to install type definitions for node? Try `npm i --save-dev @types/node` and then add 'node' to the types field in your tsconfig.
src/memory/PersistenceEngine.ts(3,10): error TS1295: ECMAScript imports and exports cannot be written in a CommonJS file under 'verbatimModuleSyntax'. Adjust the 'type' field in the nearest 'package.json' to make this file an ECMAScript module, or adjust your 'verbatimModuleSyntax', 'module', and 'moduleResolution' settings in TypeScript.
src/memory/PersistenceEngine.ts(8,1): error TS1287: A top-level 'export' modifier cannot be used on value declarations in a CommonJS module when 'verbatimModuleSyntax' is enabled.
src/memory/ValidationEngines.ts(1,10): error TS1295: ECMAScript imports and exports cannot be written in a CommonJS file under 'verbatimModuleSyntax'. Adjust the 'type' field in the nearest 'package.json' to make this file an ECMAScript module, or adjust your 'verbatimModuleSyntax', 'module', and 'moduleResolution' settings in TypeScript.
src/memory/ValidationEngines.ts(1,10): error TS1484: 'KnowledgeGraph' is a type and must be imported using a type-only import when 'verbatimModuleSyntax' is enabled.
src/memory/ValidationEngines.ts(2,10): error TS1295: ECMAScript imports and exports cannot be written in a CommonJS file under 'verbatimModuleSyntax'. Adjust the 'type' field in the nearest 'package.json' to make this file an ECMAScript module, or adjust your 'verbatimModuleSyntax', 'module', and 'moduleResolution' settings in TypeScript.
src/memory/ValidationEngines.ts(4,1): error TS1287: A top-level 'export' modifier cannot be used on value declarations in a CommonJS module when 'verbatimModuleSyntax' is enabled.
src/memory/ValidationEngines.ts(12,1): error TS1287: A top-level 'export' modifier cannot be used on value declarations in a CommonJS module when 'verbatimModuleSyntax' is enabled.
src/observability/ObservabilityEngine.ts(8,1): error TS1287: A top-level 'export' modifier cannot be used on value declarations in a CommonJS module when 'verbatimModuleSyntax' is enabled.
src/observability/ObservabilityEngine.ts(31,41): error TS2591: Cannot find name 'process'. Do you need to install type definitions for node? Try `npm i --save-dev @types/node` and then add 'node' to the types field in your tsconfig.
src/plugins/CapabilityRegistry.ts(1,10): error TS1295: ECMAScript imports and exports cannot be written in a CommonJS file under 'verbatimModuleSyntax'. Adjust the 'type' field in the nearest 'package.json' to make this file an ECMAScript module, or adjust your 'verbatimModuleSyntax', 'module', and 'moduleResolution' settings in TypeScript.
src/plugins/CapabilityRegistry.ts(1,10): error TS1484: 'Plugin' is a type and must be imported using a type-only import when 'verbatimModuleSyntax' is enabled.
src/plugins/CapabilityRegistry.ts(6,1): error TS1287: A top-level 'export' modifier cannot be used on value declarations in a CommonJS module when 'verbatimModuleSyntax' is enabled.
src/plugins/DependencyResolver.ts(1,10): error TS1295: ECMAScript imports and exports cannot be written in a CommonJS file under 'verbatimModuleSyntax'. Adjust the 'type' field in the nearest 'package.json' to make this file an ECMAScript module, or adjust your 'verbatimModuleSyntax', 'module', and 'moduleResolution' settings in TypeScript.
src/plugins/DependencyResolver.ts(1,10): error TS1484: 'PluginManifest' is a type and must be imported using a type-only import when 'verbatimModuleSyntax' is enabled.
src/plugins/DependencyResolver.ts(3,1): error TS1287: A top-level 'export' modifier cannot be used on value declarations in a CommonJS module when 'verbatimModuleSyntax' is enabled.
src/plugins/DependencyResolver.ts(13,1): error TS1287: A top-level 'export' modifier cannot be used on value declarations in a CommonJS module when 'verbatimModuleSyntax' is enabled.
src/plugins/PermissionManager.ts(1,1): error TS1287: A top-level 'export' modifier cannot be used on value declarations in a CommonJS module when 'verbatimModuleSyntax' is enabled.
src/plugins/PermissionManager.ts(11,1): error TS1287: A top-level 'export' modifier cannot be used on value declarations in a CommonJS module when 'verbatimModuleSyntax' is enabled.
src/plugins/PluginManifest.ts(1,10): error TS1295: ECMAScript imports and exports cannot be written in a CommonJS file under 'verbatimModuleSyntax'. Adjust the 'type' field in the nearest 'package.json' to make this file an ECMAScript module, or adjust your 'verbatimModuleSyntax', 'module', and 'moduleResolution' settings in TypeScript.
src/plugins/PluginManifest.ts(11,1): error TS1287: A top-level 'export' modifier cannot be used on value declarations in a CommonJS module when 'verbatimModuleSyntax' is enabled.
src/plugins/PluginManifest.ts(85,1): error TS1287: A top-level 'export' modifier cannot be used on value declarations in a CommonJS module when 'verbatimModuleSyntax' is enabled.
src/plugins/PluginManifest.ts(97,1): error TS1287: A top-level 'export' modifier cannot be used on value declarations in a CommonJS module when 'verbatimModuleSyntax' is enabled.
src/plugins/PluginManifest.ts(101,51): error TS2339: Property 'errors' does not exist on type 'ZodError<{ name: string; id: string; description: string; author: string; version: string; projectMindVersion: string; dependencies?: Record<string, string> | undefined; optionalDependencies?: Record<...> | undefined; ... 5 more ...; documentation?: string | undefined; }>'.
src/plugins/PluginManifest.ts(101,62): error TS7006: Parameter 'e' implicitly has an 'any' type.
src/plugins/PluginRuntime.ts(1,10): error TS1295: ECMAScript imports and exports cannot be written in a CommonJS file under 'verbatimModuleSyntax'. Adjust the 'type' field in the nearest 'package.json' to make this file an ECMAScript module, or adjust your 'verbatimModuleSyntax', 'module', and 'moduleResolution' settings in TypeScript.
src/plugins/PluginRuntime.ts(1,10): error TS1484: 'Plugin' is a type and must be imported using a type-only import when 'verbatimModuleSyntax' is enabled.
src/plugins/PluginRuntime.ts(1,18): error TS1295: ECMAScript imports and exports cannot be written in a CommonJS file under 'verbatimModuleSyntax'. Adjust the 'type' field in the nearest 'package.json' to make this file an ECMAScript module, or adjust your 'verbatimModuleSyntax', 'module', and 'moduleResolution' settings in TypeScript.
src/plugins/PluginRuntime.ts(2,10): error TS1295: ECMAScript imports and exports cannot be written in a CommonJS file under 'verbatimModuleSyntax'. Adjust the 'type' field in the nearest 'package.json' to make this file an ECMAScript module, or adjust your 'verbatimModuleSyntax', 'module', and 'moduleResolution' settings in TypeScript.
src/plugins/PluginRuntime.ts(2,10): error TS1484: 'PluginManifest' is a type and must be imported using a type-only import when 'verbatimModuleSyntax' is enabled.
src/plugins/PluginRuntime.ts(2,26): error TS1295: ECMAScript imports and exports cannot be written in a CommonJS file under 'verbatimModuleSyntax'. Adjust the 'type' field in the nearest 'package.json' to make this file an ECMAScript module, or adjust your 'verbatimModuleSyntax', 'module', and 'moduleResolution' settings in TypeScript.
src/plugins/PluginRuntime.ts(3,10): error TS1295: ECMAScript imports and exports cannot be written in a CommonJS file under 'verbatimModuleSyntax'. Adjust the 'type' field in the nearest 'package.json' to make this file an ECMAScript module, or adjust your 'verbatimModuleSyntax', 'module', and 'moduleResolution' settings in TypeScript.
src/plugins/PluginRuntime.ts(4,10): error TS1295: ECMAScript imports and exports cannot be written in a CommonJS file under 'verbatimModuleSyntax'. Adjust the 'type' field in the nearest 'package.json' to make this file an ECMAScript module, or adjust your 'verbatimModuleSyntax', 'module', and 'moduleResolution' settings in TypeScript.
src/plugins/PluginRuntime.ts(5,10): error TS1295: ECMAScript imports and exports cannot be written in a CommonJS file under 'verbatimModuleSyntax'. Adjust the 'type' field in the nearest 'package.json' to make this file an ECMAScript module, or adjust your 'verbatimModuleSyntax', 'module', and 'moduleResolution' settings in TypeScript.
src/plugins/PluginRuntime.ts(6,10): error TS1295: ECMAScript imports and exports cannot be written in a CommonJS file under 'verbatimModuleSyntax'. Adjust the 'type' field in the nearest 'package.json' to make this file an ECMAScript module, or adjust your 'verbatimModuleSyntax', 'module', and 'moduleResolution' settings in TypeScript.
src/plugins/PluginRuntime.ts(7,10): error TS1295: ECMAScript imports and exports cannot be written in a CommonJS file under 'verbatimModuleSyntax'. Adjust the 'type' field in the nearest 'package.json' to make this file an ECMAScript module, or adjust your 'verbatimModuleSyntax', 'module', and 'moduleResolution' settings in TypeScript.
src/plugins/PluginRuntime.ts(12,1): error TS1287: A top-level 'export' modifier cannot be used on value declarations in a CommonJS module when 'verbatimModuleSyntax' is enabled.
src/registry/ServiceRegistry.ts(1,10): error TS1295: ECMAScript imports and exports cannot be written in a CommonJS file under 'verbatimModuleSyntax'. Adjust the 'type' field in the nearest 'package.json' to make this file an ECMAScript module, or adjust your 'verbatimModuleSyntax', 'module', and 'moduleResolution' settings in TypeScript.
src/registry/ServiceRegistry.ts(1,10): error TS1484: 'Service' is a type and must be imported using a type-only import when 'verbatimModuleSyntax' is enabled.
src/registry/ServiceRegistry.ts(2,10): error TS1295: ECMAScript imports and exports cannot be written in a CommonJS file under 'verbatimModuleSyntax'. Adjust the 'type' field in the nearest 'package.json' to make this file an ECMAScript module, or adjust your 'verbatimModuleSyntax', 'module', and 'moduleResolution' settings in TypeScript.
src/registry/ServiceRegistry.ts(4,1): error TS1287: A top-level 'export' modifier cannot be used on value declarations in a CommonJS module when 'verbatimModuleSyntax' is enabled.
src/registry/ServiceRegistry.ts(13,1): error TS1287: A top-level 'export' modifier cannot be used on value declarations in a CommonJS module when 'verbatimModuleSyntax' is enabled.
src/research/ResearchLayerService.ts(1,21): error TS2591: Cannot find name 'fs'. Do you need to install type definitions for node? Try `npm i --save-dev @types/node` and then add 'node' to the types field in your tsconfig.
src/research/ResearchLayerService.ts(2,23): error TS2591: Cannot find name 'path'. Do you need to install type definitions for node? Try `npm i --save-dev @types/node` and then add 'node' to the types field in your tsconfig.
src/research/ResearchLayerService.ts(3,10): error TS1295: ECMAScript imports and exports cannot be written in a CommonJS file under 'verbatimModuleSyntax'. Adjust the 'type' field in the nearest 'package.json' to make this file an ECMAScript module, or adjust your 'verbatimModuleSyntax', 'module', and 'moduleResolution' settings in TypeScript.
src/research/ResearchLayerService.ts(3,10): error TS1484: 'Service' is a type and must be imported using a type-only import when 'verbatimModuleSyntax' is enabled.
src/research/ResearchLayerService.ts(4,10): error TS1295: ECMAScript imports and exports cannot be written in a CommonJS file under 'verbatimModuleSyntax'. Adjust the 'type' field in the nearest 'package.json' to make this file an ECMAScript module, or adjust your 'verbatimModuleSyntax', 'module', and 'moduleResolution' settings in TypeScript.
src/research/ResearchLayerService.ts(5,10): error TS1295: ECMAScript imports and exports cannot be written in a CommonJS file under 'verbatimModuleSyntax'. Adjust the 'type' field in the nearest 'package.json' to make this file an ECMAScript module, or adjust your 'verbatimModuleSyntax', 'module', and 'moduleResolution' settings in TypeScript.
src/research/ResearchLayerService.ts(6,10): error TS1295: ECMAScript imports and exports cannot be written in a CommonJS file under 'verbatimModuleSyntax'. Adjust the 'type' field in the nearest 'package.json' to make this file an ECMAScript module, or adjust your 'verbatimModuleSyntax', 'module', and 'moduleResolution' settings in TypeScript.
src/research/ResearchLayerService.ts(7,10): error TS1295: ECMAScript imports and exports cannot be written in a CommonJS file under 'verbatimModuleSyntax'. Adjust the 'type' field in the nearest 'package.json' to make this file an ECMAScript module, or adjust your 'verbatimModuleSyntax', 'module', and 'moduleResolution' settings in TypeScript.
src/research/ResearchLayerService.ts(8,10): error TS1295: ECMAScript imports and exports cannot be written in a CommonJS file under 'verbatimModuleSyntax'. Adjust the 'type' field in the nearest 'package.json' to make this file an ECMAScript module, or adjust your 'verbatimModuleSyntax', 'module', and 'moduleResolution' settings in TypeScript.
src/research/ResearchLayerService.ts(9,10): error TS1295: ECMAScript imports and exports cannot be written in a CommonJS file under 'verbatimModuleSyntax'. Adjust the 'type' field in the nearest 'package.json' to make this file an ECMAScript module, or adjust your 'verbatimModuleSyntax', 'module', and 'moduleResolution' settings in TypeScript.
src/research/ResearchLayerService.ts(10,10): error TS1295: ECMAScript imports and exports cannot be written in a CommonJS file under 'verbatimModuleSyntax'. Adjust the 'type' field in the nearest 'package.json' to make this file an ECMAScript module, or adjust your 'verbatimModuleSyntax', 'module', and 'moduleResolution' settings in TypeScript.
src/research/ResearchLayerService.ts(11,10): error TS1295: ECMAScript imports and exports cannot be written in a CommonJS file under 'verbatimModuleSyntax'. Adjust the 'type' field in the nearest 'package.json' to make this file an ECMAScript module, or adjust your 'verbatimModuleSyntax', 'module', and 'moduleResolution' settings in TypeScript.
src/research/ResearchLayerService.ts(12,10): error TS1295: ECMAScript imports and exports cannot be written in a CommonJS file under 'verbatimModuleSyntax'. Adjust the 'type' field in the nearest 'package.json' to make this file an ECMAScript module, or adjust your 'verbatimModuleSyntax', 'module', and 'moduleResolution' settings in TypeScript.
src/research/ResearchLayerService.ts(12,10): error TS1484: 'TrainingSample' is a type and must be imported using a type-only import when 'verbatimModuleSyntax' is enabled.
src/research/ResearchLayerService.ts(17,1): error TS1287: A top-level 'export' modifier cannot be used on value declarations in a CommonJS module when 'verbatimModuleSyntax' is enabled.
src/research/analytics/DatasetAnalytics.ts(1,10): error TS1295: ECMAScript imports and exports cannot be written in a CommonJS file under 'verbatimModuleSyntax'. Adjust the 'type' field in the nearest 'package.json' to make this file an ECMAScript module, or adjust your 'verbatimModuleSyntax', 'module', and 'moduleResolution' settings in TypeScript.
src/research/analytics/DatasetAnalytics.ts(1,10): error TS1484: 'TrainingSample' is a type and must be imported using a type-only import when 'verbatimModuleSyntax' is enabled.
src/research/analytics/DatasetAnalytics.ts(1,26): error TS1295: ECMAScript imports and exports cannot be written in a CommonJS file under 'verbatimModuleSyntax'. Adjust the 'type' field in the nearest 'package.json' to make this file an ECMAScript module, or adjust your 'verbatimModuleSyntax', 'module', and 'moduleResolution' settings in TypeScript.
src/research/analytics/DatasetAnalytics.ts(1,26): error TS1484: 'DatasetManifest' is a type and must be imported using a type-only import when 'verbatimModuleSyntax' is enabled.
src/research/analytics/DatasetAnalytics.ts(3,1): error TS1287: A top-level 'export' modifier cannot be used on value declarations in a CommonJS module when 'verbatimModuleSyntax' is enabled.
src/research/builder/SampleBuilder.ts(1,10): error TS1295: ECMAScript imports and exports cannot be written in a CommonJS file under 'verbatimModuleSyntax'. Adjust the 'type' field in the nearest 'package.json' to make this file an ECMAScript module, or adjust your 'verbatimModuleSyntax', 'module', and 'moduleResolution' settings in TypeScript.
src/research/builder/SampleBuilder.ts(1,10): error TS1484: 'ResearchEvent' is a type and must be imported using a type-only import when 'verbatimModuleSyntax' is enabled.
src/research/builder/SampleBuilder.ts(1,25): error TS1295: ECMAScript imports and exports cannot be written in a CommonJS file under 'verbatimModuleSyntax'. Adjust the 'type' field in the nearest 'package.json' to make this file an ECMAScript module, or adjust your 'verbatimModuleSyntax', 'module', and 'moduleResolution' settings in TypeScript.
src/research/builder/SampleBuilder.ts(1,25): error TS1484: 'TrainingSample' is a type and must be imported using a type-only import when 'verbatimModuleSyntax' is enabled.
src/research/builder/SampleBuilder.ts(2,10): error TS1295: ECMAScript imports and exports cannot be written in a CommonJS file under 'verbatimModuleSyntax'. Adjust the 'type' field in the nearest 'package.json' to make this file an ECMAScript module, or adjust your 'verbatimModuleSyntax', 'module', and 'moduleResolution' settings in TypeScript.
src/research/builder/SampleBuilder.ts(3,25): error TS2591: Cannot find name 'crypto'. Do you need to install type definitions for node? Try `npm i --save-dev @types/node` and then add 'node' to the types field in your tsconfig.
src/research/builder/SampleBuilder.ts(5,1): error TS1287: A top-level 'export' modifier cannot be used on value declarations in a CommonJS module when 'verbatimModuleSyntax' is enabled.
src/research/collector/EventCollector.ts(1,10): error TS1295: ECMAScript imports and exports cannot be written in a CommonJS file under 'verbatimModuleSyntax'. Adjust the 'type' field in the nearest 'package.json' to make this file an ECMAScript module, or adjust your 'verbatimModuleSyntax', 'module', and 'moduleResolution' settings in TypeScript.
src/research/collector/EventCollector.ts(2,10): error TS1295: ECMAScript imports and exports cannot be written in a CommonJS file under 'verbatimModuleSyntax'. Adjust the 'type' field in the nearest 'package.json' to make this file an ECMAScript module, or adjust your 'verbatimModuleSyntax', 'module', and 'moduleResolution' settings in TypeScript.
src/research/collector/EventCollector.ts(3,10): error TS1295: ECMAScript imports and exports cannot be written in a CommonJS file under 'verbatimModuleSyntax'. Adjust the 'type' field in the nearest 'package.json' to make this file an ECMAScript module, or adjust your 'verbatimModuleSyntax', 'module', and 'moduleResolution' settings in TypeScript.
src/research/collector/EventCollector.ts(3,10): error TS1484: 'ResearchEvent' is a type and must be imported using a type-only import when 'verbatimModuleSyntax' is enabled.
src/research/collector/EventCollector.ts(4,25): error TS2591: Cannot find name 'crypto'. Do you need to install type definitions for node? Try `npm i --save-dev @types/node` and then add 'node' to the types field in your tsconfig.
src/research/collector/EventCollector.ts(9,1): error TS1287: A top-level 'export' modifier cannot be used on value declarations in a CommonJS module when 'verbatimModuleSyntax' is enabled.
src/research/collector/EventJournal.ts(1,21): error TS2591: Cannot find name 'fs'. Do you need to install type definitions for node? Try `npm i --save-dev @types/node` and then add 'node' to the types field in your tsconfig.
src/research/collector/EventJournal.ts(2,23): error TS2591: Cannot find name 'path'. Do you need to install type definitions for node? Try `npm i --save-dev @types/node` and then add 'node' to the types field in your tsconfig.
src/research/collector/EventJournal.ts(3,10): error TS1295: ECMAScript imports and exports cannot be written in a CommonJS file under 'verbatimModuleSyntax'. Adjust the 'type' field in the nearest 'package.json' to make this file an ECMAScript module, or adjust your 'verbatimModuleSyntax', 'module', and 'moduleResolution' settings in TypeScript.
src/research/collector/EventJournal.ts(3,10): error TS1484: 'ResearchEvent' is a type and must be imported using a type-only import when 'verbatimModuleSyntax' is enabled.
src/research/collector/EventJournal.ts(4,10): error TS1295: ECMAScript imports and exports cannot be written in a CommonJS file under 'verbatimModuleSyntax'. Adjust the 'type' field in the nearest 'package.json' to make this file an ECMAScript module, or adjust your 'verbatimModuleSyntax', 'module', and 'moduleResolution' settings in TypeScript.
src/research/collector/EventJournal.ts(9,1): error TS1287: A top-level 'export' modifier cannot be used on value declarations in a CommonJS module when 'verbatimModuleSyntax' is enabled.
src/research/privacy/PrivacyPipeline.ts(4,1): error TS1287: A top-level 'export' modifier cannot be used on value declarations in a CommonJS module when 'verbatimModuleSyntax' is enabled.
src/research/schemas/DatasetSchemas.ts(1,10): error TS1295: ECMAScript imports and exports cannot be written in a CommonJS file under 'verbatimModuleSyntax'. Adjust the 'type' field in the nearest 'package.json' to make this file an ECMAScript module, or adjust your 'verbatimModuleSyntax', 'module', and 'moduleResolution' settings in TypeScript.
src/research/schemas/DatasetSchemas.ts(7,1): error TS1287: A top-level 'export' modifier cannot be used on value declarations in a CommonJS module when 'verbatimModuleSyntax' is enabled.
src/research/schemas/DatasetSchemas.ts(23,1): error TS1287: A top-level 'export' modifier cannot be used on value declarations in a CommonJS module when 'verbatimModuleSyntax' is enabled.
src/research/schemas/DatasetSchemas.ts(54,1): error TS1287: A top-level 'export' modifier cannot be used on value declarations in a CommonJS module when 'verbatimModuleSyntax' is enabled.
src/research/storage/DatasetManager.ts(1,21): error TS2591: Cannot find name 'fs'. Do you need to install type definitions for node? Try `npm i --save-dev @types/node` and then add 'node' to the types field in your tsconfig.
src/research/storage/DatasetManager.ts(2,23): error TS2591: Cannot find name 'path'. Do you need to install type definitions for node? Try `npm i --save-dev @types/node` and then add 'node' to the types field in your tsconfig.
src/research/storage/DatasetManager.ts(3,10): error TS1295: ECMAScript imports and exports cannot be written in a CommonJS file under 'verbatimModuleSyntax'. Adjust the 'type' field in the nearest 'package.json' to make this file an ECMAScript module, or adjust your 'verbatimModuleSyntax', 'module', and 'moduleResolution' settings in TypeScript.
src/research/storage/DatasetManager.ts(5,1): error TS1287: A top-level 'export' modifier cannot be used on value declarations in a CommonJS module when 'verbatimModuleSyntax' is enabled.
src/research/storage/DatasetManager.ts(30,5): error TS2322: Type 'string | undefined' is not assignable to type 'string'.
  Type 'undefined' is not assignable to type 'string'.
src/research/validators/DatasetValidator.ts(1,10): error TS1295: ECMAScript imports and exports cannot be written in a CommonJS file under 'verbatimModuleSyntax'. Adjust the 'type' field in the nearest 'package.json' to make this file an ECMAScript module, or adjust your 'verbatimModuleSyntax', 'module', and 'moduleResolution' settings in TypeScript.
src/research/validators/DatasetValidator.ts(1,10): error TS1484: 'TrainingSample' is a type and must be imported using a type-only import when 'verbatimModuleSyntax' is enabled.
src/research/validators/DatasetValidator.ts(1,26): error TS1295: ECMAScript imports and exports cannot be written in a CommonJS file under 'verbatimModuleSyntax'. Adjust the 'type' field in the nearest 'package.json' to make this file an ECMAScript module, or adjust your 'verbatimModuleSyntax', 'module', and 'moduleResolution' settings in TypeScript.
src/research/validators/DatasetValidator.ts(2,10): error TS1295: ECMAScript imports and exports cannot be written in a CommonJS file under 'verbatimModuleSyntax'. Adjust the 'type' field in the nearest 'package.json' to make this file an ECMAScript module, or adjust your 'verbatimModuleSyntax', 'module', and 'moduleResolution' settings in TypeScript.
src/research/validators/DatasetValidator.ts(4,1): error TS1287: A top-level 'export' modifier cannot be used on value declarations in a CommonJS module when 'verbatimModuleSyntax' is enabled.
src/research/validators/DatasetValidator.ts(9,51): error TS2339: Property 'errors' does not exist on type 'ZodError<{ sampleId: string; repositoryId: string; commitHash: string; timestamp: number; schemaVersion: "training_sample.v1"; lineage: { generatorVersion: string; eventHashes: string[]; }; input: { changedFiles: string[]; gitDiff?: string | undefined; architectureState?: any; knowledgeGraphSnippet?: any; repository...'.
src/research/validators/DatasetValidator.ts(9,62): error TS7006: Parameter 'e' implicitly has an 'any' type.
src/sdk/ProjectMindSDK.ts(1,10): error TS1295: ECMAScript imports and exports cannot be written in a CommonJS file under 'verbatimModuleSyntax'. Adjust the 'type' field in the nearest 'package.json' to make this file an ECMAScript module, or adjust your 'verbatimModuleSyntax', 'module', and 'moduleResolution' settings in TypeScript.
src/sdk/ProjectMindSDK.ts(2,10): error TS1295: ECMAScript imports and exports cannot be written in a CommonJS file under 'verbatimModuleSyntax'. Adjust the 'type' field in the nearest 'package.json' to make this file an ECMAScript module, or adjust your 'verbatimModuleSyntax', 'module', and 'moduleResolution' settings in TypeScript.
src/sdk/ProjectMindSDK.ts(3,10): error TS1295: ECMAScript imports and exports cannot be written in a CommonJS file under 'verbatimModuleSyntax'. Adjust the 'type' field in the nearest 'package.json' to make this file an ECMAScript module, or adjust your 'verbatimModuleSyntax', 'module', and 'moduleResolution' settings in TypeScript.
src/sdk/ProjectMindSDK.ts(4,10): error TS1295: ECMAScript imports and exports cannot be written in a CommonJS file under 'verbatimModuleSyntax'. Adjust the 'type' field in the nearest 'package.json' to make this file an ECMAScript module, or adjust your 'verbatimModuleSyntax', 'module', and 'moduleResolution' settings in TypeScript.
src/sdk/ProjectMindSDK.ts(4,10): error TS1484: 'EventListener' is a type and must be imported using a type-only import when 'verbatimModuleSyntax' is enabled.
src/sdk/ProjectMindSDK.ts(11,1): error TS1287: A top-level 'export' modifier cannot be used on value declarations in a CommonJS module when 'verbatimModuleSyntax' is enabled.
src/sdk/ProjectMindSDK.ts(65,41): error TS2339: Property 'workspacePath' does not exist on type 'WorkspaceManager'.
src/security/SecurityManager.ts(1,10): error TS1295: ECMAScript imports and exports cannot be written in a CommonJS file under 'verbatimModuleSyntax'. Adjust the 'type' field in the nearest 'package.json' to make this file an ECMAScript module, or adjust your 'verbatimModuleSyntax', 'module', and 'moduleResolution' settings in TypeScript.
src/security/SecurityManager.ts(3,1): error TS1287: A top-level 'export' modifier cannot be used on value declarations in a CommonJS module when 'verbatimModuleSyntax' is enabled.
src/snapshot/SnapshotManager.ts(1,21): error TS2591: Cannot find name 'fs'. Do you need to install type definitions for node? Try `npm i --save-dev @types/node` and then add 'node' to the types field in your tsconfig.
src/snapshot/SnapshotManager.ts(2,23): error TS2591: Cannot find name 'path'. Do you need to install type definitions for node? Try `npm i --save-dev @types/node` and then add 'node' to the types field in your tsconfig.
src/snapshot/SnapshotManager.ts(3,10): error TS1295: ECMAScript imports and exports cannot be written in a CommonJS file under 'verbatimModuleSyntax'. Adjust the 'type' field in the nearest 'package.json' to make this file an ECMAScript module, or adjust your 'verbatimModuleSyntax', 'module', and 'moduleResolution' settings in TypeScript.
src/snapshot/SnapshotManager.ts(4,10): error TS1295: ECMAScript imports and exports cannot be written in a CommonJS file under 'verbatimModuleSyntax'. Adjust the 'type' field in the nearest 'package.json' to make this file an ECMAScript module, or adjust your 'verbatimModuleSyntax', 'module', and 'moduleResolution' settings in TypeScript.
src/snapshot/SnapshotManager.ts(6,1): error TS1287: A top-level 'export' modifier cannot be used on value declarations in a CommonJS module when 'verbatimModuleSyntax' is enabled.
src/state/StateManager.ts(1,21): error TS2591: Cannot find name 'fs'. Do you need to install type definitions for node? Try `npm i --save-dev @types/node` and then add 'node' to the types field in your tsconfig.
src/state/StateManager.ts(2,10): error TS1295: ECMAScript imports and exports cannot be written in a CommonJS file under 'verbatimModuleSyntax'. Adjust the 'type' field in the nearest 'package.json' to make this file an ECMAScript module, or adjust your 'verbatimModuleSyntax', 'module', and 'moduleResolution' settings in TypeScript.
src/state/StateManager.ts(3,10): error TS1295: ECMAScript imports and exports cannot be written in a CommonJS file under 'verbatimModuleSyntax'. Adjust the 'type' field in the nearest 'package.json' to make this file an ECMAScript module, or adjust your 'verbatimModuleSyntax', 'module', and 'moduleResolution' settings in TypeScript.
src/state/StateManager.ts(14,1): error TS1287: A top-level 'export' modifier cannot be used on value declarations in a CommonJS module when 'verbatimModuleSyntax' is enabled.
src/workspace/WorkspaceManager.ts(1,21): error TS2591: Cannot find name 'fs'. Do you need to install type definitions for node? Try `npm i --save-dev @types/node` and then add 'node' to the types field in your tsconfig.
src/workspace/WorkspaceManager.ts(2,23): error TS2591: Cannot find name 'path'. Do you need to install type definitions for node? Try `npm i --save-dev @types/node` and then add 'node' to the types field in your tsconfig.
src/workspace/WorkspaceManager.ts(3,10): error TS1295: ECMAScript imports and exports cannot be written in a CommonJS file under 'verbatimModuleSyntax'. Adjust the 'type' field in the nearest 'package.json' to make this file an ECMAScript module, or adjust your 'verbatimModuleSyntax', 'module', and 'moduleResolution' settings in TypeScript.
src/workspace/WorkspaceManager.ts(8,1): error TS1287: A top-level 'export' modifier cannot be used on value declarations in a CommonJS module when 'verbatimModuleSyntax' is enabled.
tests/context.test.ts(1,10): error TS1295: ECMAScript imports and exports cannot be written in a CommonJS file under 'verbatimModuleSyntax'. Adjust the 'type' field in the nearest 'package.json' to make this file an ECMAScript module, or adjust your 'verbatimModuleSyntax', 'module', and 'moduleResolution' settings in TypeScript.
tests/context.test.ts(1,20): error TS1295: ECMAScript imports and exports cannot be written in a CommonJS file under 'verbatimModuleSyntax'. Adjust the 'type' field in the nearest 'package.json' to make this file an ECMAScript module, or adjust your 'verbatimModuleSyntax', 'module', and 'moduleResolution' settings in TypeScript.
tests/context.test.ts(1,24): error TS1295: ECMAScript imports and exports cannot be written in a CommonJS file under 'verbatimModuleSyntax'. Adjust the 'type' field in the nearest 'package.json' to make this file an ECMAScript module, or adjust your 'verbatimModuleSyntax', 'module', and 'moduleResolution' settings in TypeScript.
tests/context.test.ts(2,10): error TS1295: ECMAScript imports and exports cannot be written in a CommonJS file under 'verbatimModuleSyntax'. Adjust the 'type' field in the nearest 'package.json' to make this file an ECMAScript module, or adjust your 'verbatimModuleSyntax', 'module', and 'moduleResolution' settings in TypeScript.
tests/context.test.ts(3,10): error TS1295: ECMAScript imports and exports cannot be written in a CommonJS file under 'verbatimModuleSyntax'. Adjust the 'type' field in the nearest 'package.json' to make this file an ECMAScript module, or adjust your 'verbatimModuleSyntax', 'module', and 'moduleResolution' settings in TypeScript.
tests/context.test.ts(3,10): error TS1484: 'KnowledgeGraph' is a type and must be imported using a type-only import when 'verbatimModuleSyntax' is enabled.
tests/context.test.ts(4,10): error TS1295: ECMAScript imports and exports cannot be written in a CommonJS file under 'verbatimModuleSyntax'. Adjust the 'type' field in the nearest 'package.json' to make this file an ECMAScript module, or adjust your 'verbatimModuleSyntax', 'module', and 'moduleResolution' settings in TypeScript.
tests/context.test.ts(4,10): error TS1484: 'Fact' is a type and must be imported using a type-only import when 'verbatimModuleSyntax' is enabled.
tests/context.test.ts(5,10): error TS1295: ECMAScript imports and exports cannot be written in a CommonJS file under 'verbatimModuleSyntax'. Adjust the 'type' field in the nearest 'package.json' to make this file an ECMAScript module, or adjust your 'verbatimModuleSyntax', 'module', and 'moduleResolution' settings in TypeScript.
tests/context.test.ts(5,25): error TS1295: ECMAScript imports and exports cannot be written in a CommonJS file under 'verbatimModuleSyntax'. Adjust the 'type' field in the nearest 'package.json' to make this file an ECMAScript module, or adjust your 'verbatimModuleSyntax', 'module', and 'moduleResolution' settings in TypeScript.
tests/extraction.test.ts(1,10): error TS1295: ECMAScript imports and exports cannot be written in a CommonJS file under 'verbatimModuleSyntax'. Adjust the 'type' field in the nearest 'package.json' to make this file an ECMAScript module, or adjust your 'verbatimModuleSyntax', 'module', and 'moduleResolution' settings in TypeScript.
tests/extraction.test.ts(1,20): error TS1295: ECMAScript imports and exports cannot be written in a CommonJS file under 'verbatimModuleSyntax'. Adjust the 'type' field in the nearest 'package.json' to make this file an ECMAScript module, or adjust your 'verbatimModuleSyntax', 'module', and 'moduleResolution' settings in TypeScript.
tests/extraction.test.ts(1,24): error TS1295: ECMAScript imports and exports cannot be written in a CommonJS file under 'verbatimModuleSyntax'. Adjust the 'type' field in the nearest 'package.json' to make this file an ECMAScript module, or adjust your 'verbatimModuleSyntax', 'module', and 'moduleResolution' settings in TypeScript.
tests/extraction.test.ts(1,32): error TS1295: ECMAScript imports and exports cannot be written in a CommonJS file under 'verbatimModuleSyntax'. Adjust the 'type' field in the nearest 'package.json' to make this file an ECMAScript module, or adjust your 'verbatimModuleSyntax', 'module', and 'moduleResolution' settings in TypeScript.
tests/extraction.test.ts(2,10): error TS1295: ECMAScript imports and exports cannot be written in a CommonJS file under 'verbatimModuleSyntax'. Adjust the 'type' field in the nearest 'package.json' to make this file an ECMAScript module, or adjust your 'verbatimModuleSyntax', 'module', and 'moduleResolution' settings in TypeScript.
tests/extraction.test.ts(3,10): error TS1295: ECMAScript imports and exports cannot be written in a CommonJS file under 'verbatimModuleSyntax'. Adjust the 'type' field in the nearest 'package.json' to make this file an ECMAScript module, or adjust your 'verbatimModuleSyntax', 'module', and 'moduleResolution' settings in TypeScript.
tests/extraction.test.ts(4,10): error TS1295: ECMAScript imports and exports cannot be written in a CommonJS file under 'verbatimModuleSyntax'. Adjust the 'type' field in the nearest 'package.json' to make this file an ECMAScript module, or adjust your 'verbatimModuleSyntax', 'module', and 'moduleResolution' settings in TypeScript.
tests/extraction.test.ts(36,12): error TS2532: Object is possibly 'undefined'.
tests/integration.test.ts(1,10): error TS1295: ECMAScript imports and exports cannot be written in a CommonJS file under 'verbatimModuleSyntax'. Adjust the 'type' field in the nearest 'package.json' to make this file an ECMAScript module, or adjust your 'verbatimModuleSyntax', 'module', and 'moduleResolution' settings in TypeScript.
tests/integration.test.ts(1,20): error TS1295: ECMAScript imports and exports cannot be written in a CommonJS file under 'verbatimModuleSyntax'. Adjust the 'type' field in the nearest 'package.json' to make this file an ECMAScript module, or adjust your 'verbatimModuleSyntax', 'module', and 'moduleResolution' settings in TypeScript.
tests/integration.test.ts(1,24): error TS1295: ECMAScript imports and exports cannot be written in a CommonJS file under 'verbatimModuleSyntax'. Adjust the 'type' field in the nearest 'package.json' to make this file an ECMAScript module, or adjust your 'verbatimModuleSyntax', 'module', and 'moduleResolution' settings in TypeScript.
tests/integration.test.ts(1,32): error TS1295: ECMAScript imports and exports cannot be written in a CommonJS file under 'verbatimModuleSyntax'. Adjust the 'type' field in the nearest 'package.json' to make this file an ECMAScript module, or adjust your 'verbatimModuleSyntax', 'module', and 'moduleResolution' settings in TypeScript.
tests/integration.test.ts(1,44): error TS1295: ECMAScript imports and exports cannot be written in a CommonJS file under 'verbatimModuleSyntax'. Adjust the 'type' field in the nearest 'package.json' to make this file an ECMAScript module, or adjust your 'verbatimModuleSyntax', 'module', and 'moduleResolution' settings in TypeScript.
tests/integration.test.ts(2,21): error TS2591: Cannot find name 'fs'. Do you need to install type definitions for node? Try `npm i --save-dev @types/node` and then add 'node' to the types field in your tsconfig.
tests/integration.test.ts(3,23): error TS2591: Cannot find name 'path'. Do you need to install type definitions for node? Try `npm i --save-dev @types/node` and then add 'node' to the types field in your tsconfig.
tests/integration.test.ts(4,10): error TS1295: ECMAScript imports and exports cannot be written in a CommonJS file under 'verbatimModuleSyntax'. Adjust the 'type' field in the nearest 'package.json' to make this file an ECMAScript module, or adjust your 'verbatimModuleSyntax', 'module', and 'moduleResolution' settings in TypeScript.
tests/integration.test.ts(5,10): error TS1295: ECMAScript imports and exports cannot be written in a CommonJS file under 'verbatimModuleSyntax'. Adjust the 'type' field in the nearest 'package.json' to make this file an ECMAScript module, or adjust your 'verbatimModuleSyntax', 'module', and 'moduleResolution' settings in TypeScript.
tests/integration.test.ts(8,35): error TS2304: Cannot find name '__dirname'.
tests/intelligence.test.ts(1,10): error TS1295: ECMAScript imports and exports cannot be written in a CommonJS file under 'verbatimModuleSyntax'. Adjust the 'type' field in the nearest 'package.json' to make this file an ECMAScript module, or adjust your 'verbatimModuleSyntax', 'module', and 'moduleResolution' settings in TypeScript.
tests/intelligence.test.ts(1,20): error TS1295: ECMAScript imports and exports cannot be written in a CommonJS file under 'verbatimModuleSyntax'. Adjust the 'type' field in the nearest 'package.json' to make this file an ECMAScript module, or adjust your 'verbatimModuleSyntax', 'module', and 'moduleResolution' settings in TypeScript.
tests/intelligence.test.ts(1,24): error TS1295: ECMAScript imports and exports cannot be written in a CommonJS file under 'verbatimModuleSyntax'. Adjust the 'type' field in the nearest 'package.json' to make this file an ECMAScript module, or adjust your 'verbatimModuleSyntax', 'module', and 'moduleResolution' settings in TypeScript.
tests/intelligence.test.ts(2,10): error TS1295: ECMAScript imports and exports cannot be written in a CommonJS file under 'verbatimModuleSyntax'. Adjust the 'type' field in the nearest 'package.json' to make this file an ECMAScript module, or adjust your 'verbatimModuleSyntax', 'module', and 'moduleResolution' settings in TypeScript.
tests/intelligence.test.ts(3,10): error TS1295: ECMAScript imports and exports cannot be written in a CommonJS file under 'verbatimModuleSyntax'. Adjust the 'type' field in the nearest 'package.json' to make this file an ECMAScript module, or adjust your 'verbatimModuleSyntax', 'module', and 'moduleResolution' settings in TypeScript.
tests/intelligence.test.ts(4,10): error TS1295: ECMAScript imports and exports cannot be written in a CommonJS file under 'verbatimModuleSyntax'. Adjust the 'type' field in the nearest 'package.json' to make this file an ECMAScript module, or adjust your 'verbatimModuleSyntax', 'module', and 'moduleResolution' settings in TypeScript.
tests/intelligence.test.ts(5,10): error TS1295: ECMAScript imports and exports cannot be written in a CommonJS file under 'verbatimModuleSyntax'. Adjust the 'type' field in the nearest 'package.json' to make this file an ECMAScript module, or adjust your 'verbatimModuleSyntax', 'module', and 'moduleResolution' settings in TypeScript.
tests/intelligence.test.ts(5,10): error TS1484: 'Fact' is a type and must be imported using a type-only import when 'verbatimModuleSyntax' is enabled.
tests/intelligence.test.ts(46,12): error TS2532: Object is possibly 'undefined'.
tests/intelligence.test.ts(47,12): error TS2532: Object is possibly 'undefined'.
tests/intelligence.test.ts(51,12): error TS2532: Object is possibly 'undefined'.
tests/kernel.test.ts(1,10): error TS1295: ECMAScript imports and exports cannot be written in a CommonJS file under 'verbatimModuleSyntax'. Adjust the 'type' field in the nearest 'package.json' to make this file an ECMAScript module, or adjust your 'verbatimModuleSyntax', 'module', and 'moduleResolution' settings in TypeScript.
tests/kernel.test.ts(1,20): error TS1295: ECMAScript imports and exports cannot be written in a CommonJS file under 'verbatimModuleSyntax'. Adjust the 'type' field in the nearest 'package.json' to make this file an ECMAScript module, or adjust your 'verbatimModuleSyntax', 'module', and 'moduleResolution' settings in TypeScript.
tests/kernel.test.ts(1,24): error TS1295: ECMAScript imports and exports cannot be written in a CommonJS file under 'verbatimModuleSyntax'. Adjust the 'type' field in the nearest 'package.json' to make this file an ECMAScript module, or adjust your 'verbatimModuleSyntax', 'module', and 'moduleResolution' settings in TypeScript.
tests/kernel.test.ts(1,32): error TS1295: ECMAScript imports and exports cannot be written in a CommonJS file under 'verbatimModuleSyntax'. Adjust the 'type' field in the nearest 'package.json' to make this file an ECMAScript module, or adjust your 'verbatimModuleSyntax', 'module', and 'moduleResolution' settings in TypeScript.
tests/kernel.test.ts(1,36): error TS1295: ECMAScript imports and exports cannot be written in a CommonJS file under 'verbatimModuleSyntax'. Adjust the 'type' field in the nearest 'package.json' to make this file an ECMAScript module, or adjust your 'verbatimModuleSyntax', 'module', and 'moduleResolution' settings in TypeScript.
tests/kernel.test.ts(1,48): error TS1295: ECMAScript imports and exports cannot be written in a CommonJS file under 'verbatimModuleSyntax'. Adjust the 'type' field in the nearest 'package.json' to make this file an ECMAScript module, or adjust your 'verbatimModuleSyntax', 'module', and 'moduleResolution' settings in TypeScript.
tests/kernel.test.ts(2,21): error TS2591: Cannot find name 'fs'. Do you need to install type definitions for node? Try `npm i --save-dev @types/node` and then add 'node' to the types field in your tsconfig.
tests/kernel.test.ts(3,23): error TS2591: Cannot find name 'path'. Do you need to install type definitions for node? Try `npm i --save-dev @types/node` and then add 'node' to the types field in your tsconfig.
tests/kernel.test.ts(4,10): error TS1295: ECMAScript imports and exports cannot be written in a CommonJS file under 'verbatimModuleSyntax'. Adjust the 'type' field in the nearest 'package.json' to make this file an ECMAScript module, or adjust your 'verbatimModuleSyntax', 'module', and 'moduleResolution' settings in TypeScript.
tests/kernel.test.ts(5,10): error TS1295: ECMAScript imports and exports cannot be written in a CommonJS file under 'verbatimModuleSyntax'. Adjust the 'type' field in the nearest 'package.json' to make this file an ECMAScript module, or adjust your 'verbatimModuleSyntax', 'module', and 'moduleResolution' settings in TypeScript.
tests/kernel.test.ts(5,10): error TS1484: 'Service' is a type and must be imported using a type-only import when 'verbatimModuleSyntax' is enabled.
tests/kernel.test.ts(8,35): error TS2304: Cannot find name '__dirname'.
tests/memory.test.ts(1,10): error TS1295: ECMAScript imports and exports cannot be written in a CommonJS file under 'verbatimModuleSyntax'. Adjust the 'type' field in the nearest 'package.json' to make this file an ECMAScript module, or adjust your 'verbatimModuleSyntax', 'module', and 'moduleResolution' settings in TypeScript.
tests/memory.test.ts(1,20): error TS1295: ECMAScript imports and exports cannot be written in a CommonJS file under 'verbatimModuleSyntax'. Adjust the 'type' field in the nearest 'package.json' to make this file an ECMAScript module, or adjust your 'verbatimModuleSyntax', 'module', and 'moduleResolution' settings in TypeScript.
tests/memory.test.ts(1,24): error TS1295: ECMAScript imports and exports cannot be written in a CommonJS file under 'verbatimModuleSyntax'. Adjust the 'type' field in the nearest 'package.json' to make this file an ECMAScript module, or adjust your 'verbatimModuleSyntax', 'module', and 'moduleResolution' settings in TypeScript.
tests/memory.test.ts(1,32): error TS1295: ECMAScript imports and exports cannot be written in a CommonJS file under 'verbatimModuleSyntax'. Adjust the 'type' field in the nearest 'package.json' to make this file an ECMAScript module, or adjust your 'verbatimModuleSyntax', 'module', and 'moduleResolution' settings in TypeScript.
tests/memory.test.ts(1,44): error TS1295: ECMAScript imports and exports cannot be written in a CommonJS file under 'verbatimModuleSyntax'. Adjust the 'type' field in the nearest 'package.json' to make this file an ECMAScript module, or adjust your 'verbatimModuleSyntax', 'module', and 'moduleResolution' settings in TypeScript.
tests/memory.test.ts(2,21): error TS2591: Cannot find name 'fs'. Do you need to install type definitions for node? Try `npm i --save-dev @types/node` and then add 'node' to the types field in your tsconfig.
tests/memory.test.ts(3,23): error TS2591: Cannot find name 'path'. Do you need to install type definitions for node? Try `npm i --save-dev @types/node` and then add 'node' to the types field in your tsconfig.
tests/memory.test.ts(4,10): error TS1295: ECMAScript imports and exports cannot be written in a CommonJS file under 'verbatimModuleSyntax'. Adjust the 'type' field in the nearest 'package.json' to make this file an ECMAScript module, or adjust your 'verbatimModuleSyntax', 'module', and 'moduleResolution' settings in TypeScript.
tests/memory.test.ts(5,10): error TS1295: ECMAScript imports and exports cannot be written in a CommonJS file under 'verbatimModuleSyntax'. Adjust the 'type' field in the nearest 'package.json' to make this file an ECMAScript module, or adjust your 'verbatimModuleSyntax', 'module', and 'moduleResolution' settings in TypeScript.
tests/memory.test.ts(5,10): error TS1484: 'KnowledgeGraph' is a type and must be imported using a type-only import when 'verbatimModuleSyntax' is enabled.
tests/memory.test.ts(6,10): error TS1295: ECMAScript imports and exports cannot be written in a CommonJS file under 'verbatimModuleSyntax'. Adjust the 'type' field in the nearest 'package.json' to make this file an ECMAScript module, or adjust your 'verbatimModuleSyntax', 'module', and 'moduleResolution' settings in TypeScript.
tests/memory.test.ts(6,10): error TS1484: 'Fact' is a type and must be imported using a type-only import when 'verbatimModuleSyntax' is enabled.
tests/memory.test.ts(9,35): error TS2304: Cannot find name '__dirname'.
tests/research.test.ts(1,10): error TS1295: ECMAScript imports and exports cannot be written in a CommonJS file under 'verbatimModuleSyntax'. Adjust the 'type' field in the nearest 'package.json' to make this file an ECMAScript module, or adjust your 'verbatimModuleSyntax', 'module', and 'moduleResolution' settings in TypeScript.
tests/research.test.ts(1,20): error TS1295: ECMAScript imports and exports cannot be written in a CommonJS file under 'verbatimModuleSyntax'. Adjust the 'type' field in the nearest 'package.json' to make this file an ECMAScript module, or adjust your 'verbatimModuleSyntax', 'module', and 'moduleResolution' settings in TypeScript.
tests/research.test.ts(1,24): error TS1295: ECMAScript imports and exports cannot be written in a CommonJS file under 'verbatimModuleSyntax'. Adjust the 'type' field in the nearest 'package.json' to make this file an ECMAScript module, or adjust your 'verbatimModuleSyntax', 'module', and 'moduleResolution' settings in TypeScript.
tests/research.test.ts(1,32): error TS1295: ECMAScript imports and exports cannot be written in a CommonJS file under 'verbatimModuleSyntax'. Adjust the 'type' field in the nearest 'package.json' to make this file an ECMAScript module, or adjust your 'verbatimModuleSyntax', 'module', and 'moduleResolution' settings in TypeScript.
tests/research.test.ts(1,44): error TS1295: ECMAScript imports and exports cannot be written in a CommonJS file under 'verbatimModuleSyntax'. Adjust the 'type' field in the nearest 'package.json' to make this file an ECMAScript module, or adjust your 'verbatimModuleSyntax', 'module', and 'moduleResolution' settings in TypeScript.
tests/research.test.ts(2,21): error TS2591: Cannot find name 'fs'. Do you need to install type definitions for node? Try `npm i --save-dev @types/node` and then add 'node' to the types field in your tsconfig.
tests/research.test.ts(3,23): error TS2591: Cannot find name 'path'. Do you need to install type definitions for node? Try `npm i --save-dev @types/node` and then add 'node' to the types field in your tsconfig.
tests/research.test.ts(4,10): error TS1295: ECMAScript imports and exports cannot be written in a CommonJS file under 'verbatimModuleSyntax'. Adjust the 'type' field in the nearest 'package.json' to make this file an ECMAScript module, or adjust your 'verbatimModuleSyntax', 'module', and 'moduleResolution' settings in TypeScript.
tests/research.test.ts(5,10): error TS1295: ECMAScript imports and exports cannot be written in a CommonJS file under 'verbatimModuleSyntax'. Adjust the 'type' field in the nearest 'package.json' to make this file an ECMAScript module, or adjust your 'verbatimModuleSyntax', 'module', and 'moduleResolution' settings in TypeScript.
tests/research.test.ts(8,35): error TS2304: Cannot find name '__dirname'.
